bloc,period_start,period_end,confidence,basis,evidence_notes,source_sitting,predecessor,predecessor_notes
ALIANZA COALICIÓN CÍVICA,2007-12-10,2013-12-09,high,transcript + mandate calendar,"Estenssoro, single member, mandate 10 Dec 2007 to 9 Dec 2013; roll-call readings match, and the transcripts name it in 86 sittings running from 12 Dec 2007.",2007-12-12,,
AVANZAR SAN LUIS,2017-12-10,2021-12-08,high,mandate calendar,"Bounded by its members' mandates; the roll-call readings sit inside them. Poggi, single member.",,,
CAMBIO FEDERAL,2022-11-16,,medium,transcript,"Named in the 16 Nov 2022 roll with 4 members. It may have formed earlier — nothing attests that — so the start is the first day it is known to exist. The only earlier match, 27 Oct 2022, is the word 'intercambio'.",2022-11-16,,
CONCERTACIÓN PLURAL,,2009-12-09,high,mandate calendar,"Bounded by its members' mandates; the roll-call readings sit inside them. Sánchez, single member.",,,
CONVICCIÓN FEDERAL,2023-12-10,,low,roll of blocs + mandate calendar,"Absent from the roll of blocs read out on 16 Nov 2022, where a caucus of two or more would have been named. Never named in debate: the two matches are the ordinary phrase 'profunda conviccion federal' (2004) and one in 2010. Start set at the 2023 turnover, the first date all three members sat. Certain only that it is later than 16 Nov 2022.",,,
DESPIERTA CHUBUT,2021-12-10,,medium,mandate calendar,Terenzi's mandate from 10 Dec 2021. Never named in debate.,,,
ENCUENTRO MISIONERO,2023-12-10,,medium,mandate calendar,Both members took office 10 Dec 2023. Never named in debate.,,,
ESPERANZA FEDERAL,2005-12-10,2011-12-09,high,mandate calendar,"Bounded by its members' mandates; the roll-call readings sit inside them. Bortolozzi, single member.",,,
FEDERALISMO SANTAFESINO,,2015-12-09,medium,mandate calendar,"Latorre's monobloc. She also appears under Santa Fe Federal, so the Senate holds two names for successive mandates of the same seat and the handover date is not recoverable from the records.",,,
FEDERALISMO Y LIBERACIÓN,2005-12-10,2017-12-09,high,mandate calendar,Bounded by its members' mandates; the roll-call readings sit inside them. Carlos Menem's monobloc across his two later mandates.,,,
FRENTE CIVICO DE LA PROVINCIA DE CORDOBA,2009-12-10,2015-12-09,high,mandate calendar,"Juez and Morandini, whose mandates run 10 Dec 2009 to 9 Dec 2015; roll-call readings sit exactly inside that window.",,,
FRENTE CÍVICO JUJEÑO,,2005-12-09,high,mandate calendar,Bounded by its members' mandates; the roll-call readings sit inside them. Arancio de Beller; named in debate through 2003.,,,
FRENTE CÍVICO POR SANTIAGO,2007-12-10,2019-12-09,high,mandate calendar,Bounded by its members' mandates; the roll-call readings sit inside them. Named in debate from 2011.,,,
FRENTE CÍVICO Y SOCIAL DE CATAMARCA,,2021-12-09,medium,mandate calendar,"Castillo, Colombo de Acevedo, Monllau; roll-call readings from the first 2005 sitting to 9 Dec 2021, the end of Castillo's second mandate. Start left open because it predates the roll-call records.",,,
FRENTE DE TODOS,2019-12-10,2022-05-12,high,transcript,"Named in the preparatory sitting of 27 Nov 2019 proposing authorities for the term opening 10 Dec 2019: 'en nombre del bloque del frente de todos queremos proponer a claudia ledesma abdala'. Ends when it splits: on 12 May 2022 the floor speaks of 'dividiendo el bloque del frente de todos' and of 'el nuevo bloque unidad ciudadana'. The NAME survives after that as the interbloc holding both halves, which is why it keeps appearing to 2024 — the interbloc is not this bloc. The 2010 and 2011 mentions are the Chamber of Deputies bloc of the same name.",2019-11-27; 2022-05-12,,
FRENTE NACIONAL Y POPULAR,2022-11-16,,medium,transcript,"First named 16 Nov 2022, in the sitting where the chamber enumerates its own composition: 'el frente nacional y popular ... que tiene 21 integrantes'. The larger half of the split bloc was still being called Frente de Todos on 27 Oct 2022, so the rename falls between those dates and the start is the first attested day, not the true one. Open at the end.",2022-11-16,FRENTE DE TODOS,"The other half of the same split: still called Frente de Todos on 27 Oct 2022, renamed by 16 Nov 2022."
FRENTE PARA LA VICTORIA - PJ,2013-12-10,2019-12-09,medium,mandate calendar,"Roll-call variant of the same bloc for the 2013-2019 mandates (Fuentes, García Larraburu, Pilatti Vergara; Fernández de Kirchner from 2017). Treated as a naming variant, not a separate bloc — the transcripts never distinguish the two.",,,
FRENTE POPULAR,2013-12-10,2019-12-09,high,mandate calendar,"Bounded by its members' mandates; the roll-call readings sit inside them. Montenegro, single member.",,,
FRENTE PRO,2013-12-10,,high,transcript + mandate calendar,First roll-call reading 18 Dec 2013 and first Senate mention 28 Feb 2014; De Angeli's mandate opens 10 Dec 2013. The 1 Mar 2013 mention is the Chamber of Deputies bloc. Open at the end.,2014-02-28,,
FUERZA REPUBLICANA,,2009-12-09,high,mandate calendar,Bounded by its members' mandates; the roll-call readings sit inside them. Bussi (to 2007) then Salazar; named in debate from 2003.,,,
GEN,2011-12-10,2017-12-09,high,mandate calendar,"Bounded by its members' mandates; the roll-call readings sit inside them. Linares, single member.",,,
HAY FUTURO ARGENTINA,2019-12-20,2023-12-09,low,mandate calendar,Vega's mandate from 20 Dec 2019. Never named in debate; kept as the Senate records it.,,,
INDEPENDENCIA,2021-12-10,,low,mandate calendar,Ávila's mandate from 10 Dec 2021. The name cannot be searched — 'independencia' is ordinary speech in this chamber.,,,
JUNTOS SOMOS RÍO NEGRO,2019-12-10,,high,transcript + mandate calendar,Attested 13 May 2020 ('desde el bloque de juntos somos rio negro'); Weretilneck took office 10 Dec 2019.,2020-05-13,,
JUSTICIA SOCIAL FEDERAL,2023-12-10,,medium,mandate calendar,Both members took office 10 Dec 2023 and the readings begin at the first sitting after. Never named in debate.,,,
JUSTICIALISTA,,,medium,standing bloc,"Present across 2005-2024 in roll-call records. Left open deliberately: the name is generic and has covered successive distinct blocs (including the pre-2005 chamber), so a single span would assert more than the evidence carries.",,,
JUSTICIALISTA 8 DE OCTUBRE,2007-12-10,2019-12-09,medium,mandate calendar,"Romero and Escudero; roll-call readings 12 Dec 2007 to 13 Nov 2019, opening at their 10 Dec 2007 mandate. Not separable in the transcripts, where '8 de octubre' matches the ordinary date.",,,
JUSTICIALISTA PARA EL DIALOGO DE LOS ARGENTINOS,2005-12-14,2011-12-09,high,mandate calendar,"Bounded by its members' mandates; the roll-call readings sit inside them. González de Duhalde, single member.",,,
JUSTICIALISTA SAN LUIS,2005-12-10,2017-12-09,medium,mandate calendar,"Rodríguez Saá and Negre de Alonso; roll-call readings 21 Dec 2005 to 29 Nov 2017, spanning their 2005-2011 and 2011-2017 mandates. No transcript attestation: every phrasing that would name it also matches ordinary references to the province.",,,
LA LIBERTAD AVANZA,2023-12-10,,high,transcript + mandate calendar,"First named 29 Nov 2023; its senators took office 10 Dec 2023. Absent from the roll of blocs read out on 16 Nov 2022, where a caucus of two or more would have been named. The readings backdate it to Dec 2021 for the two members who joined it later.",2023-11-29,,
LEALTAD Y DIGNIDAD JUSTICIALISTA,,2005-12-09,high,mandate calendar,Bounded by its members' mandates; the roll-call readings sit inside them.,,,
MISIONES,2017-12-10,2023-12-09,high,mandate calendar,"Bounded by its members' mandates; the roll-call readings sit inside them. Solari Quintana, single member. A bloc of the same name is attested in 2016 ('intervenir en una sesion como bloque unipersonal el bloque misiones'), held by her predecessor.",2016-06-29,,
MOVERE SANTA CRUZ,2023-12-10,,medium,mandate calendar,Both members took office 10 Dec 2023. Never named in debate.,,,
MOVIMIENTO NEUQUINO,2019-12-10,,medium,mandate calendar,Crexell's mandate from 10 Dec 2019; the renamed continuation of her Movimiento Popular Neuquino seat.,,,
MOVIMIENTO POPULAR FUEGUINO,2013-12-10,2019-12-09,high,mandate calendar,"Bounded by its members' mandates; the roll-call readings sit inside them. Garramuño, then Boyadjián on his replacement.",,,
MOVIMIENTO POPULAR NEUQUINO,,2019-12-09,high,mandate calendar,"Long-standing provincial party: Salvatori and Sapag (2001-2007), Lores (2007-2013), Crexell and Pereyra (2013-2019). Start left open because it predates the roll-call records.",,,
NUEVO ENCUENTRO,2011-05-04,2013-12-09,medium,transcript,First named 4 May 2011: 'la posicion de nuestro bloque nuevo encuentro'. The readings backdate it to Dec 2007.,2011-05-04,,
PARES,2013-12-10,2019-12-09,high,mandate calendar,"Bounded by its members' mandates; the roll-call readings sit inside them. Fiore Viñuales, single member.",,,
PARTIDO DE LA VICTORIA,,2007-12-09,high,mandate calendar,Bounded by its members' mandates; the roll-call readings sit inside them.,,,
PARTIDO JUSTICIALISTA LA PAMPA,2009-12-10,2015-12-09,high,mandate calendar,"Higonet and Verna, mandates 10 Dec 2009 to 9 Dec 2015; roll-call readings sit exactly inside that window.",,,
PARTIDO LIBERAL DE CORRIENTES,2009-12-10,2015-12-09,high,mandate calendar,"Bounded by its members' mandates; the roll-call readings sit inside them. Meabe, single member.",,,
PARTIDO RENOVADOR DE SALTA,,2013-12-09,high,mandate calendar,Gómez Diez (2001-2007) then Pérez Alsina (2007-2013); the roll-call readings hand over between them at the 2007 turnover. Start left open because it predates the roll-call records.,,,
PARTIDO SOCIALISTA,,2015-12-09,medium,mandate calendar,"Giustiniani, single member, across his 2003-2009 and 2009-2015 mandates; roll-call readings run to 25 Nov 2015. Start left open because the bloc predates the roll-call records.",,,
PERONISMO REPUBLICANO RIO NEGRO,2019-06-01,2019-12-09,medium,external chronology + roll-call end,"THE CLEAREST CASE OF THE BACKWARD-PROJECTION FLAW. Pichetto's whole 2013-2019 mandate is filed under this label, but he led the Frente para la Victoria bloc for almost all of it and founded Peronismo Republicano only in 2019, on leaving to stand for vice-president. The transcripts name it only in 2020, after he had left the chamber. Start is approximate — it is the year, not the day, that the evidence supports.",,PJ FRENTE PARA LA VICTORIA,Pichetto presided the Frente para la Victoria bloc through this mandate and is named as its president throughout the transcripts; he founded Peronismo Republicano only on leaving in 2019.
PJ FRENTE PARA LA VICTORIA,2005-12-10,2019-12-09,high,transcript + mandate calendar,"Attested as a Senate bloc on 21-22 Dec 2005: 'el bloque de senadores del partido justicialista frente para la victoria'. Start set to the 10 Dec 2005 turnover that the bloc was formed at. The 15 June 2005 mention is a minister described as representing the political front, not the bloc. Last named 27 Nov 2019; superseded by Frente de Todos from 10 Dec 2019.",2005-12-21; 2019-11-27,,
PRO Y UNIÓN POR ENTRE RÍOS,2013-12-10,2015-12-09,high,mandate calendar,"Bounded by its members' mandates; the roll-call readings sit inside them. Michetti and Santilli, who both left mid-mandate for other offices.",,,
PRODUCCIÓN Y TRABAJO,,2023-12-09,medium,mandate calendar,"Basualdo's monobloc across several mandates. The name is an ordinary phrase, so the transcript matches cannot be trusted.",,,
PROVINCIAS UNIDAS,2022-11-17,,low,roll of blocs,"Absent from the roll of blocs read out on 16 Nov 2022, where a caucus of two or more would have been named. Both members took office 10 Dec 2021, so the readings backdate it by at least a year. Never named as a bloc in debate — every match is the historical 'Provincias Unidas del Rio de la Plata'. The start is a lower bound, not a date.",,,
PROYECTO BUENOS AIRES FEDERAL,2007-12-10,2013-12-09,high,mandate calendar,"Cabanchik, single member, mandate 10 Dec 2007 to 9 Dec 2013; roll-call readings match exactly. Named once in debate, 3 Jul 2013.",2013-07-03,,
PROYECTO SUR-UNEN,2013-12-10,2019-12-09,high,mandate calendar,"Bounded by its members' mandates; the roll-call readings sit inside them. Solanas, single member. Transcript matches are unusable — 'proyecto surgio' matches the pattern.",,,
PUNTANO INDEPENDIENTE,,2005-12-09,high,mandate calendar,Bounded by its members' mandates; the roll-call readings sit inside them.,,,
RADICAL INDEPENDIENTE,,2007-12-09,high,mandate calendar,"Bounded by its members' mandates; the roll-call readings sit inside them. Terragno, single member.",,,
RADICAL RIONEGRINO,,2007-12-09,high,mandate calendar,"Bounded by its members' mandates; the roll-call readings sit inside them. Falco, then Abrameto on his replacement.",,,
RIO - FRENTE PROGRESISTA,2013-12-10,2019-12-09,high,mandate calendar,"Bounded by its members' mandates; the roll-call readings sit inside them. Odarda, single member; the interbloc of that name is attested from 2011.",,,
SANTA FE FEDERAL,,2021-12-09,medium,mandate calendar,Bounded by its members' mandates; the roll-call readings sit inside them. Attested 26 Mar 2009 ('el bloque santa fe federal adelanta su voto negativo'). Reutemann's several mandates make the start unrecoverable here.,2009-03-26,,
SIN ESPECIFICAR,,,none,not a caucus,"A placeholder the Senate uses where it holds no caucus for a mandate, not the name of anything. Rows carrying it are dropped rather than dated.",,,
TRABAJO Y DIGNIDAD,,2015-12-09,medium,mandate calendar,Bounded by its members' mandates; the roll-call readings sit inside them. Giusti (to 2009) then Di Perna.,,,
TUCUMAN,,2009-12-09,high,mandate calendar,"Bounded by its members' mandates; the roll-call readings sit inside them. Pinchetti de Sierra Morales, single member.",,,
UCR - UNIÓN CÍVICA RADICAL,,,high,standing bloc,"Present in all 320 roll-call dates 2005-2024 and named continuously in debate. Open at both ends: it predates the corpus and continues past it, so no clipping is applied.",,,
UNIDAD CIUDADANA,2017-12-10,2019-12-09,high,transcript + mandate calendar,"First spell: the bloc formed for the term opening 10 Dec 2017; named in debate 29 Nov 2017, 10 Oct 2018 and 20 Mar 2019. Absorbed into Frente de Todos from 10 Dec 2019.",2017-11-29; 2019-03-20,,
UNIDAD CIUDADANA,2022-05-12,,high,transcript,"Second spell: called 'el nuevo bloque unidad ciudadana' on 12 May 2022, the same sitting that describes the Frente de Todos bloc being divided. Confirmed 16 Nov 2022: 'unidad ciudadana que preside la senadora di tullio con 14 integrantes'. Open at the end.",2022-05-12; 2022-11-16,FRENTE DE TODOS,"The 12 May 2022 sitting describes this bloc as splitting off from the Frente de Todos bloc ('dividiendo el bloque del frente de todos'), so its members sat there before, back to the start of the mandate."
UNIDAD FEDERAL,2023-02-23,,high,transcript,"First named 23 Feb 2023: 'desde el bloque unidad federal vamos a acompanar su designacion como presidenta provisional'. Absent from the roll of blocs read out on 16 Nov 2022, where a caucus of two or more would have been named. The readings backdate it to Dec 2017.",2023-02-23,,
VECINALISTA - PARTIDO NUEVO,,2009-12-09,high,mandate calendar,"Bounded by its members' mandates; the roll-call readings sit inside them. Rossi, single member.",,,
