pdf,section_number,status,before,after
2000-02-23_r01_PREPARATORIA.pdf,1,completed,1,1 Manifestaciones en minoría
2000-02-23_r01_PREPARATORIA.pdf,2,recovered,,2 Izamiento de la bandera nacional
2000-02-23_r01_PREPARATORIA.pdf,3,recovered,,3 Días y hora de sesión
2000-02-23_r01_PREPARATORIA.pdf,4,recovered,,4 Designación y juramento de autoridades
2000-03-01_r00_ASAMBLEA.pdf,1,recovered,,1 Izamiento de la bandera nacional
2000-03-01_r00_ASAMBLEA.pdf,2,completed,2,2 Mensaje y decreto de apertura
2000-03-01_r00_ASAMBLEA.pdf,3,completed,3,3 Comisiones de recepción
2000-03-01_r00_ASAMBLEA.pdf,4,completed,4,4 Mensaje del señor presidente de la Nación
2001-07-18_r45_ORDINARIA.pdf,2,completed,2,2 Izamiento de la bandera nacional
2001-07-18_r45_ORDINARIA.pdf,3,completed,3,3 Homenaje al teniente general Juan D. Perón
2001-07-18_r45_ORDINARIA.pdf,4,completed,4,4 Homenaje a don Hipólito Yrigoyen
2001-07-18_r45_ORDINARIA.pdf,6,recovered,,6 Asuntos Entrados
2001-07-18_r45_ORDINARIA.pdf,9,recovered,,9 Plan de Labor
2001-07-18_r45_ORDINARIA.pdf,10,recovered,,"10 Juez Nacional de Primera Instancia en lo Comercial N° 16, de la Capital Federal"
2001-07-18_r45_ORDINARIA.pdf,11,recovered,,"11 Juez federal de Primera Instancia de Junín, Buenos Aires"
2001-07-18_r45_ORDINARIA.pdf,12,recovered,,12 Directora del Banco Central de la República Argentina
2001-07-18_r45_ORDINARIA.pdf,13,recovered,,13 Cierre de la firma Gatic S.A.
2001-07-18_r45_ORDINARIA.pdf,14,recovered,,14 Contrataciones en el Estado Mayor General del Ejército
2001-07-18_r45_ORDINARIA.pdf,15,recovered,,15 Hospital “Baldomero Sommer”
2001-07-18_r45_ORDINARIA.pdf,16,recovered,,16 Estados contables en la Superintendencia de Administradoras de Fondos de Jubilaciones y Pensiones
2001-07-18_r45_ORDINARIA.pdf,17,recovered,,17 Seguimiento de recomendaciones efectuadas a la Secretaría de Recursos Naturales y Desarrollo Sustentable - Dirección Nacional de Ordenamiento Ambiental
2001-07-18_r45_ORDINARIA.pdf,18,recovered,,18 Estados financieros del Programa de Modernización Portuaria
2001-07-18_r45_ORDINARIA.pdf,19,recovered,,19 Estados financieros del Proyecto de Asistencia Técnica para el Fortalecimiento del Sistema Nacional de Inversión Pública
2001-07-18_r45_ORDINARIA.pdf,20,recovered,,20 Estados financieros del Proyecto de Protección contra las Inundaciones
2001-07-18_r45_ORDINARIA.pdf,21,recovered,,21 Estados financieros del Programa de Atención a Menores en Circunstancias Especialmente Difíciles
2001-07-18_r45_ORDINARIA.pdf,22,recovered,,22 Estados financieros del Proyecto Sectorial de Mantenimiento y Rehabilitación de Carreteras
2001-07-18_r45_ORDINARIA.pdf,23,recovered,,23 Reglamentación de la Ley de Fomento de las Pymes
2001-07-18_r45_ORDINARIA.pdf,24,recovered,,24 Instrumentación de programas de apoyo a las Pymes
2001-07-18_r45_ORDINARIA.pdf,25,recovered,,25 Reglamentación de la ley de Fomento a las Pymes
2001-07-18_r45_ORDINARIA.pdf,26,recovered,,26 Estados contables en el ámbito de Nación Administradora de Fondos de Jubilaciones y Pensiones S.A.
2001-07-18_r45_ORDINARIA.pdf,27,recovered,,"27 Ejecución presupuestaria del programa Formación, Perfeccionamiento y Actualización Docente en el ámbito del Ministerio de Educación"
2001-07-18_r45_ORDINARIA.pdf,28,recovered,,28 Estados financieros del Programa de Consolidación de la Reforma del Sector Público Nacional
2001-07-18_r45_ORDINARIA.pdf,29,recovered,,29 Estados financieros del Proyecto de Apoyo al Sector Minero Argentino
2001-07-18_r45_ORDINARIA.pdf,30,recovered,,"30 Servicio jurídico en el ámbito del Ministerio de Trabajo, Empleo y Formación de Recursos Humanos"
2001-07-18_r45_ORDINARIA.pdf,31,recovered,,31 Control interno en el ámbito de la Prefectura Naval Argentina
2001-07-18_r45_ORDINARIA.pdf,32,recovered,,32 Estados financieros del Proyecto de Lucha contra el Sida
2001-07-18_r45_ORDINARIA.pdf,33,recovered,,33 Estados financieros del Segundo Proyecto de Desarrollo Provincial
2001-07-18_r45_ORDINARIA.pdf,34,recovered,,34 Auditoría de Gestión Ambiental del Órgano de Control de las Concesiones de la Red de Acceso a la Ciudad de Buenos Aires
2001-07-18_r45_ORDINARIA.pdf,35,recovered,,"35 Auditoría de gestión en la Secretaría de Política Criminal, Penitenciaría y Readaptación Social"
2001-07-18_r45_ORDINARIA.pdf,36,recovered,,36 Preocupación por elementos neonazis entre los colaboradores del jefe del Ejército
2001-07-18_r45_ORDINARIA.pdf,37,recovered,,"37 Subsidio para una asociación de El Colorado, Formosa"
2001-07-18_r45_ORDINARIA.pdf,38,recovered,,38 Declaración de interés del H. Senado de la actividad de la Fundación Civilidad
2001-07-18_r45_ORDINARIA.pdf,39,recovered,,39 Reparación y modernización del submarino ARA San Luis
2001-07-18_r45_ORDINARIA.pdf,40,recovered,,40 Adhesión al Día del Veterano y los Caídos en la Guerra de Malvinas
2001-07-18_r45_ORDINARIA.pdf,41,recovered,,"41 Subsidio para el Club Atlético Recabarren, departamento de Zonda, San Juan"
2001-07-18_r45_ORDINARIA.pdf,42,recovered,,42 Declaración de interés parlamentario de la I Maratón Juntos por el Deporte 2001
2001-07-18_r45_ORDINARIA.pdf,43,recovered,,43 Beneplácito por la actuación de un golfista argentino en un torneo en los Estados Unidos de América
2001-07-18_r45_ORDINARIA.pdf,44,recovered,,44 Reglamento Interno de la Comisión Parlamentaria Conjunta Argentino-Chilena
2001-07-18_r45_ORDINARIA.pdf,45,recovered,,45 Políticas de protección del mercado interno - Inclusión de hortalizas y frutas
2001-07-18_r45_ORDINARIA.pdf,46,recovered,,46 Mantenimiento del arancelamiento en materia azucarera
2001-07-18_r45_ORDINARIA.pdf,47,recovered,,"47 Ventajas competitivas para los sectores hortícola, bananero, forestal y citrícola"
2001-07-18_r45_ORDINARIA.pdf,48,recovered,,48 Campeonato Argentino de Básquetbol
2001-07-18_r45_ORDINARIA.pdf,49,recovered,,49 VI Jornadas Nacionales e Internacionales Ricardo Güiraldes
2001-07-18_r45_ORDINARIA.pdf,50,recovered,,50 Jornadas SAM-Conamet 2001
2001-07-18_r45_ORDINARIA.pdf,51,recovered,,51 Encuentro Internacional de Ciudades Históricas
2001-07-18_r45_ORDINARIA.pdf,52,recovered,,52 Ciclos documentales para televisión
2001-07-18_r45_ORDINARIA.pdf,53,recovered,,53 VII Congreso Argentino de Ciencias de la Computación
2001-07-18_r45_ORDINARIA.pdf,54,recovered,,54 Posible ingreso de residuos radiactivos
2001-07-18_r45_ORDINARIA.pdf,55,recovered,,55 Ciclo de homenajes a los poetas de Buenos Aires
2001-07-18_r45_ORDINARIA.pdf,56,recovered,,56 Bebidas denominadas energizantes
2001-07-18_r45_ORDINARIA.pdf,57,recovered,,57 XXX Congreso Argentino de Anestesiología
2001-07-18_r45_ORDINARIA.pdf,58,recovered,,58 Elaboración de drogas para combatir el Sida
2001-07-18_r45_ORDINARIA.pdf,59,recovered,,59 IV Jornadas Nacionales de Trauma
2001-07-18_r45_ORDINARIA.pdf,60,recovered,,60 Programa Nacional de Vacunación
2001-07-18_r45_ORDINARIA.pdf,61,recovered,,61 VI Jornadas Franco-Argentinas de Medicina y Cirugía
2001-07-18_r45_ORDINARIA.pdf,62,recovered,,62 Imposibilidad de expedirse dentro del plazo legal
2001-07-18_r45_ORDINARIA.pdf,63,recovered,,63 Utilización de aceites en transformadores de energía eléctrica
2001-07-18_r45_ORDINARIA.pdf,64,recovered,,64 Importación de bananas del Brasil
2001-07-18_r45_ORDINARIA.pdf,65,recovered,,"65 Planta procesadora de pescado en Caleta Olivia, Santa Cruz"
2001-07-18_r45_ORDINARIA.pdf,66,recovered,,66 Aniversario de la Asociación Argentina de Agencias de Viajes y Turismo
2001-07-18_r45_ORDINARIA.pdf,67,recovered,,67 II Foro Internacional de Legislación Turística
2001-07-18_r45_ORDINARIA.pdf,68,recovered,,68 Evolución de las estadísticas criminales
2001-07-18_r45_ORDINARIA.pdf,69,recovered,,69 Beneficios en los servicios de transporte para discapacitados
2001-07-18_r45_ORDINARIA.pdf,70,recovered,,70 Disolución del Instituto Nacional de Semillas
2001-07-18_r45_ORDINARIA.pdf,71,recovered,,71 Excursión ecuestre Los Patos Sur
2001-07-18_r45_ORDINARIA.pdf,72,recovered,,72 Transporte gratuito para personas con movilidad reducida
2001-07-18_r45_ORDINARIA.pdf,73,recovered,,73 Foro Internacional de Emprendedores
2001-07-18_r45_ORDINARIA.pdf,74,recovered,,74 Acuerdos con el Ministerio de Trabajo alemán
2001-07-18_r45_ORDINARIA.pdf,75,recovered,,75 V Congreso Argentino de Educación Física y Ciencia
2001-07-18_r45_ORDINARIA.pdf,76,recovered,,76 Muestra educativa Expedición al Polo Sur
2001-07-18_r45_ORDINARIA.pdf,77,recovered,,77 XIV Seminario Internacional de Sociología
2001-07-18_r45_ORDINARIA.pdf,78,recovered,,"78 Proyecto educativo Jóvenes de Hoy, Futuro del País"
2001-07-18_r45_ORDINARIA.pdf,79,recovered,,79 IX Conferencia del Hemisferio Occidental de la Asociación Mundial de Guías Scouts
2001-07-18_r45_ORDINARIA.pdf,80,recovered,,80 Subsidios otorgados a empresas de servicios ferroviarios
2001-07-18_r45_ORDINARIA.pdf,81,recovered,,81 Irregularidades en el cobro de asignaciones familiares
2001-07-18_r45_ORDINARIA.pdf,82,recovered,,82 Extensión de beneficios a establecimientos cárnicos de Bariloche
2001-07-18_r45_ORDINARIA.pdf,83,recovered,,83 XII Congreso Mundial de Fertilización in Vitro y Reproducción Molecular
2001-07-18_r45_ORDINARIA.pdf,84,recovered,,84 XII Congreso Mundial de Fertilización in Vitro y Reproducción Molecular
2001-07-18_r45_ORDINARIA.pdf,85,recovered,,"85 Subsidio para una asociación de Villa General Güemes, Formosa"
2001-07-18_r45_ORDINARIA.pdf,86,recovered,,86 Quinta edición de los Juegos Mapuches-Tehuelches
2001-07-18_r45_ORDINARIA.pdf,87,recovered,,87 Certamen de Cuento Infantil
2001-07-18_r45_ORDINARIA.pdf,88,recovered,,88 Protocolo Facultativo de la Convención sobre los Derechos del Niño
2001-07-18_r45_ORDINARIA.pdf,89,recovered,,89 Sobrevuelo de helicópteros en las cataratas del Iguazú
2001-07-18_r45_ORDINARIA.pdf,90,recovered,,90 Sobrevuelo de helicópteros en las cataratas del Iguazú
2001-07-18_r45_ORDINARIA.pdf,91,recovered,,"91 XXI Jornadas de Identidad Profesional, Mundo del Trabajo, Perspectivas"
2001-07-18_r45_ORDINARIA.pdf,92,recovered,,92 Defensa de la competencia por parte de los entes reguladores de servicios públicos
2001-07-18_r45_ORDINARIA.pdf,93,recovered,,93 Creación de una delegación de Enargas en Santiago del Estero
2001-07-18_r45_ORDINARIA.pdf,94,recovered,,"94 Contratos celebrados por Repsol YPF en Concordia, Entre Ríos"
2001-07-18_r45_ORDINARIA.pdf,95,recovered,,95 Declaración de interés de la Expoestación 2001
2001-07-18_r45_ORDINARIA.pdf,96,recovered,,96 Modificación del Código Penal (escala penal para delitos con toma de rehenes)
2001-07-18_r45_ORDINARIA.pdf,97,recovered,,97 Modificación del plan de labor
2001-07-18_r45_ORDINARIA.pdf,98,recovered,,98 Cuarto Intermedio
2001-07-18_r45_ORDINARIA.pdf,99,recovered,,"99 Derogación del decreto 804/01, modificatorio de la ley de reconversión de la industria eléctrica"
2001-11-07_r69_ORDINARIA.pdf,6,recovered,,"6 Jueza federal de Primera Instancia de Comodoro Rivadavia, Chubut"
2001-11-07_r69_ORDINARIA.pdf,8,recovered,,8 Director del Banco Central de la República Argentina
2001-11-07_r69_ORDINARIA.pdf,14,recovered,,14 Publicación en Internet de la nómina oficial de muertos en la guerra de Malvinas
2001-11-07_r69_ORDINARIA.pdf,36,recovered,,36 Plan Federal de Ampliación del Sistema de Transporte de Energía Eléctrica
2001-11-07_r69_ORDINARIA.pdf,37,recovered,,37 Transferencia de un inmueble a la Municipalidad de Salta
2001-11-07_r69_ORDINARIA.pdf,38,recovered,,38 Cancelación de obligaciones tributarias en títulos provinciales
2001-11-07_r69_ORDINARIA.pdf,39,recovered,,39 Convenios especiales de financiamiento de déficits previsionales
2001-11-07_r69_ORDINARIA.pdf,40,recovered,,40 Pedido de informes sobre mensajes de la organización Al-Qaeda
2001-11-07_r69_ORDINARIA.pdf,41,recovered,,"41 Publicación de la obra ""Viedma, Historia de una Identificación"""
2001-11-07_r69_ORDINARIA.pdf,42,recovered,,"42 Juzgado de primera instancia en Victoria, Entre Ríos"
2001-11-07_r69_ORDINARIA.pdf,43,recovered,,43 Suspensión de construcción de un hotel
2001-11-07_r69_ORDINARIA.pdf,44,recovered,,44 Régimen de mecenazgo
2001-11-07_r69_ORDINARIA.pdf,45,recovered,,45 Manejo de fondos otorgados por organismos multilaterales
2001-11-07_r69_ORDINARIA.pdf,46,recovered,,"46 Publicación de la obra ""El Senado de la Nación Argentina"""
2001-11-07_r69_ORDINARIA.pdf,47,recovered,,47 Instituto de Promoción de la Carne Vacuna Argentina Moción de preferencia
2001-11-07_r69_ORDINARIA.pdf,48,recovered,,48 Medidas proteccionistas para el acero
2001-11-07_r69_ORDINARIA.pdf,49,recovered,,49 Modificación del plan de labor
2001-11-07_r69_ORDINARIA.pdf,50,recovered,,50 Detención de Raúl Romero Feris
2001-11-07_r69_ORDINARIA.pdf,51,recovered,,51 Labor legislativa de los señores senadores
2001-11-07_r69_ORDINARIA.pdf,53,recovered,,53 Declaración de lugar histórico nacional al predio de Laguna Pescado
2001-11-07_r69_ORDINARIA.pdf,54,recovered,,54 Proyecto de ley de inteligencia nacional
2001-11-07_r69_ORDINARIA.pdf,55,recovered,,55 Manifestaciones
2001-11-07_r69_ORDINARIA.pdf,56,recovered,,56 Exportación de cítricos argentinos
2001-11-07_r69_ORDINARIA.pdf,57,recovered,,57 Asuntos Entrados (continuación) Cambio de destino de un proyecto
2001-11-07_r69_ORDINARIA.pdf,58,recovered,,"58 Juzgado Federal de Primera Instancia en Concordia, Entre Ríos"
2001-11-07_r69_ORDINARIA.pdf,59,recovered,,59 Manifestaciones
2001-11-07_r69_ORDINARIA.pdf,60,recovered,,"60 Creación del Juzgado Federal de Primera Instancia N° 2 en Paraná, Entre Ríos."
2001-11-07_r69_ORDINARIA.pdf,61,recovered,,61 Acuerdo con Australia sobre cooperación en los usos pacíficos de la energía nuclear
2001-11-14_r71_ORDINARIA.pdf,1,recovered,,1 Izamiento de la bandera nacional
2001-11-14_r71_ORDINARIA.pdf,2,recovered,,2 Homenaje al Día del Militante
2001-11-14_r71_ORDINARIA.pdf,4,recovered,,4 Homenaje a la memoria de Arturo Jauretche
2001-11-14_r71_ORDINARIA.pdf,5,recovered,,5 Asuntos Entrados
2001-11-14_r71_ORDINARIA.pdf,6,recovered,,6 Inserción
2001-11-14_r71_ORDINARIA.pdf,7,recovered,,7 Plan de Labor
2001-11-14_r71_ORDINARIA.pdf,8,recovered,,8 Vuelta a comisión
2001-11-14_r71_ORDINARIA.pdf,9,recovered,,9 Plan de labor (continuación)
2001-11-14_r71_ORDINARIA.pdf,10,recovered,,10 Tarifas energéticas de Santa Cruz - Moción de preferencia
2001-11-14_r71_ORDINARIA.pdf,11,recovered,,11 Reorganización del IFEP - Moción de preferencia
2001-11-14_r71_ORDINARIA.pdf,12,recovered,,12 Transferencia de fondos al PAMI - Modificación del Plan de Labor
2001-11-14_r71_ORDINARIA.pdf,13,recovered,,13 Protección integral de la familia - Moción de preferencia
2001-11-14_r71_ORDINARIA.pdf,14,recovered,,14 Asociación de Entes Reguladores Eléctricos - Moción de preferencia
2001-11-14_r71_ORDINARIA.pdf,16,recovered,,16 Promoción del coronel Miguel Angel Moreno - Postergación
2001-11-14_r71_ORDINARIA.pdf,18,recovered,,18 Embajadora extraordinaria y plenipotenciaria
2001-11-14_r71_ORDINARIA.pdf,19,recovered,,19 Embajador extraordinario y plenipotenciario
2001-11-14_r71_ORDINARIA.pdf,20,recovered,,20 Embajador extraordinario y plenipotenciario
2001-11-14_r71_ORDINARIA.pdf,21,recovered,,21 Subsidio para una asociación civil de Formosa
2001-11-14_r71_ORDINARIA.pdf,22,recovered,,22 Pago de asignaciones familiares
2001-11-14_r71_ORDINARIA.pdf,23,recovered,,23 Cobertura del PAMI
2001-11-14_r71_ORDINARIA.pdf,24,recovered,,24 Publicación “Legítima Defensa”
2001-11-14_r71_ORDINARIA.pdf,25,recovered,,25 X Encuentro de Educadores Musicales
2001-11-14_r71_ORDINARIA.pdf,26,recovered,,26 El Parlamento en la Escuela
2001-11-14_r71_ORDINARIA.pdf,27,recovered,,27 Encuentro Federal de Dirigentes Scout Católicos
2001-11-14_r71_ORDINARIA.pdf,28,recovered,,28 Vacunas contra la fiebre hemorrágica argentina
2001-11-14_r71_ORDINARIA.pdf,29,recovered,,29 Prórroga de la vigencia del endoso de los bonos fiscales
2001-11-14_r71_ORDINARIA.pdf,30,recovered,,30 XIV Jornadas Precolombinas
2001-11-14_r71_ORDINARIA.pdf,31,recovered,,31 Repudio al despido de docentes correntinos
2001-11-14_r71_ORDINARIA.pdf,32,recovered,,32 Repudio al ataque que sufrió María Alejandra Bonafini
2001-11-14_r71_ORDINARIA.pdf,33,recovered,,"33 Fundación de la ciudad de Iguazú, Misiones"
2001-11-14_r71_ORDINARIA.pdf,34,recovered,,34 Obra “El arriero altoparanacero”
2001-11-14_r71_ORDINARIA.pdf,35,recovered,,35 XXI Congreso Mundial de Dermatología
2001-11-14_r71_ORDINARIA.pdf,36,recovered,,36 Control de las contaminación hídrica en el río Matanza
2001-11-14_r71_ORDINARIA.pdf,37,recovered,,37 Situación económico-social
2001-11-14_r71_ORDINARIA.pdf,38,recovered,,38 Transferencia de acciones de la concesionaria de Correo Argentino
2001-11-14_r71_ORDINARIA.pdf,39,recovered,,"39 Subsidio para un instituto de Goya, Corrientes"
2001-11-14_r71_ORDINARIA.pdf,40,recovered,,"40 Subsidio para una escuela de Las Tapias, San Juan"
2001-11-14_r71_ORDINARIA.pdf,41,recovered,,"41 Actualización del salario mínimo, vital y móvil"
2001-11-14_r71_ORDINARIA.pdf,42,recovered,,"42 Carrera de locutor nacional que se dicta en Trelew, Chubut"
2001-11-14_r71_ORDINARIA.pdf,43,recovered,,43 Programa nacional de intervención en barrios críticos
2001-11-14_r71_ORDINARIA.pdf,44,recovered,,"44 Rehabilitación del servicio para tramitación de pensiones en General Alvear, Mendoza"
2001-11-14_r71_ORDINARIA.pdf,45,recovered,,45 Volcado de residuos tóxicos en el río Paraná
2001-11-14_r71_ORDINARIA.pdf,46,recovered,,46 Repudio por el homicidio de un sacerdote en Salta
2001-11-14_r71_ORDINARIA.pdf,47,recovered,,47 Refinanciación de la deuda pública
2001-11-14_r71_ORDINARIA.pdf,48,recovered,,48 Integración regional del Mercosur
2001-11-14_r71_ORDINARIA.pdf,49,recovered,,49 Programa de Lucha contra el Granizo en La Rioja
2001-11-14_r71_ORDINARIA.pdf,50,recovered,,"50 Concesión de uso de un inmueble en Resistencia, Chaco"
2001-11-14_r71_ORDINARIA.pdf,51,recovered,,51 II Exposición Industrial del Conurbano Sur
2001-11-14_r71_ORDINARIA.pdf,52,recovered,,52 Subsidio para un hospital de Corrientes
2001-11-14_r71_ORDINARIA.pdf,53,recovered,,53 Modificación de la ley 21.965
2001-11-14_r71_ORDINARIA.pdf,54,recovered,,54 Modificación de la Ley de Personas con Discapacidad
2001-11-14_r71_ORDINARIA.pdf,55,recovered,,55 Objeción de conciencia en el arte de curar
2001-11-14_r71_ORDINARIA.pdf,56,recovered,,56 Campaña nacional de inscripción de donantes de órganos
2001-11-14_r71_ORDINARIA.pdf,57,recovered,,57 Firma digital
2001-11-14_r71_ORDINARIA.pdf,58,recovered,,58 Convenio Marco de Reconversión Vial en La Pampa
2001-11-14_r71_ORDINARIA.pdf,59,recovered,,59 Creación del Instituto de Promoción de la Carne Vacuna Argentina
2001-11-14_r71_ORDINARIA.pdf,60,recovered,,60 Limitación de afectaciones
2001-11-14_r71_ORDINARIA.pdf,61,recovered,,61 Autorización para realizar adecuaciones presupuestarias
2001-11-14_r71_ORDINARIA.pdf,62,recovered,,"62 Programa ""Encuentro para el consenso"""
2001-11-14_r71_ORDINARIA.pdf,63,recovered,,63 Prórroga de pensiones graciables
2001-11-14_r71_ORDINARIA.pdf,64,recovered,,64 Derecho real de superficie forestal
2001-11-14_r71_ORDINARIA.pdf,65,recovered,,"65 Transferencia de un Inmueble a la Municipalidad de Puerto Rico, Misiones"
2001-11-14_r71_ORDINARIA.pdf,66,recovered,,66 Transferencia de tierras a la provincia de San Juan
2001-11-14_r71_ORDINARIA.pdf,67,recovered,,"67 Transferencia de dos inmuebles a la Municipalidad de Comodoro Rivadavia, Chubut"
2001-11-14_r71_ORDINARIA.pdf,68,recovered,,68 Transferencia de un terreno a la Municipalidad de Salta
2001-11-14_r71_ORDINARIA.pdf,69,recovered,,"69 Transferencia de un inmueble a la Municipalidad de Montecarlo, Misiones"
2001-11-28_r73_ORDINARIA.pdf,1,completed,1,1 Izamiento de la bandera nacional
2001-11-28_r73_ORDINARIA.pdf,3,recovered,,3 Asuntos Entrados
2001-11-28_r73_ORDINARIA.pdf,4,recovered,,4 Incorporación de temas al plan de labor
2001-11-28_r73_ORDINARIA.pdf,5,completed,5,5 Plan de Labor
2001-11-28_r73_ORDINARIA.pdf,6,recovered,,6 Aceptación de renuncia y designación de integrante ante la CONEAU
2001-11-28_r73_ORDINARIA.pdf,8,recovered,,8 Moción de cuarto intermedio
2001-11-28_r73_ORDINARIA.pdf,9,recovered,,9 Acuerdos (continuación)
2001-11-28_r73_ORDINARIA.pdf,10,recovered,,10 Gira de un músico a la Base Marambio
2001-11-28_r73_ORDINARIA.pdf,11,recovered,,11 Convenio Cultural Regional para Cuyo
2001-11-28_r73_ORDINARIA.pdf,12,recovered,,12 Escultura en Madera - Piedra - Hierro
2001-11-28_r73_ORDINARIA.pdf,13,recovered,,13 Reglamentación de la ley 25.300
2001-11-28_r73_ORDINARIA.pdf,14,recovered,,14 Derogación de resolución ministerial
2001-11-28_r73_ORDINARIA.pdf,15,recovered,,15 Premio por la Selección Femenina de Hóckey sobre Césped en Holanda
2001-11-28_r73_ORDINARIA.pdf,16,recovered,,16 Torneo de las Américas
2001-11-28_r73_ORDINARIA.pdf,17,recovered,,"17 Premio obtenido por el Seleccionado Nacional de Basquetbol Sub-21, en Japón"
2001-11-28_r73_ORDINARIA.pdf,18,recovered,,"18 Campeonato Mundial de Beach Volley, en Austria"
2001-11-28_r73_ORDINARIA.pdf,19,recovered,,19 Mantenimiento de un tramo de ruta en Mendoza
2001-11-28_r73_ORDINARIA.pdf,20,recovered,,20 Construcción de obras en una intersección de rutas en Entre Ríos
2001-11-28_r73_ORDINARIA.pdf,21,recovered,,21 Alternativas del corredor bioceánico
2001-11-28_r73_ORDINARIA.pdf,22,recovered,,22 Continuación de la construcción de la Autopista Mesopotámica
2001-11-28_r73_ORDINARIA.pdf,23,recovered,,"23 Señalización de un cruce de rutas en Chabas, Santa fe"
2001-11-28_r73_ORDINARIA.pdf,24,recovered,,"24 Obras en el cruce de rutas en Chabas, Santa Fe"
2001-11-28_r73_ORDINARIA.pdf,25,recovered,,25 Reparación y señalización de un tramo de la autopista Buenos Aires-Rosario
2001-11-28_r73_ORDINARIA.pdf,26,recovered,,26 Planes de competitividad para empresas
2001-11-28_r73_ORDINARIA.pdf,27,recovered,,27 Encuentros Uritorco
2001-11-28_r73_ORDINARIA.pdf,28,recovered,,28 Convenio de Competitividad Algodonero
2001-11-28_r73_ORDINARIA.pdf,29,recovered,,"29 Inundaciones en Córdoba, Santa Fe, Buenos Aires y La Pampa"
2001-11-28_r73_ORDINARIA.pdf,30,recovered,,30 Repudio por los recortes presupuestarios al Instituto Malbrán
2001-11-28_r73_ORDINARIA.pdf,31,recovered,,31 Pérdidas producidas por un tornado en Santiago del Estero
2001-11-28_r73_ORDINARIA.pdf,32,recovered,,32 Levantamiento de un ramal ferroviario en Mendoza
2001-11-28_r73_ORDINARIA.pdf,33,recovered,,33 Accidente carretero en el Neuquén
2001-11-28_r73_ORDINARIA.pdf,34,recovered,,34 Medidas de seguridad en entidades financieras
2001-11-28_r73_ORDINARIA.pdf,35,recovered,,35 II Workshop de Turismo del Litoral
2001-11-28_r73_ORDINARIA.pdf,36,recovered,,36 Legión de Honor al señor Juan García
2001-11-28_r73_ORDINARIA.pdf,37,recovered,,37 Mercado de Carnes
2001-11-28_r73_ORDINARIA.pdf,38,recovered,,"38 Habilitación definitiva del puerto de Diamante, Entre Ríos"
2001-11-28_r73_ORDINARIA.pdf,39,recovered,,39 Beatificación de la madre María del Tránsito Cabanillas
2001-11-28_r73_ORDINARIA.pdf,40,recovered,,40 Comisión investigadora sobre presuntas maniobras de lavado de dinero y evasión impositiva
2001-11-28_r73_ORDINARIA.pdf,41,recovered,,41 Concesiones de rutas nacionales bajo el sistema de peaje
2001-11-28_r73_ORDINARIA.pdf,42,recovered,,42 Creación de la tasa nacional de fiscalización del transporte ferroviario
2001-11-28_r73_ORDINARIA.pdf,44,recovered,,"44 Transferencia de un inmueble en General Pico, La Pampa"
2001-11-28_r73_ORDINARIA.pdf,45,recovered,,45 Régimen para empresas de base tecnológica
2001-11-28_r73_ORDINARIA.pdf,46,recovered,,46 Extensión del ciclo lectivo
2001-11-28_r73_ORDINARIA.pdf,47,recovered,,47 Modificación de la ley de zonas francas
2001-11-28_r73_ORDINARIA.pdf,48,recovered,,48 Intangibilidad de fondos de coparticipación federal
2001-11-28_r73_ORDINARIA.pdf,49,recovered,,49 Control de las operaciones de seguridad interior
2001-11-28_r73_ORDINARIA.pdf,50,recovered,,50 Modificación del Código Civil
2001-11-28_r73_ORDINARIA.pdf,51,recovered,,51 Limitación de afectaciones sobre recursos tributarios coparticipables - Modificación del plan de labor
2001-11-28_r73_ORDINARIA.pdf,52,recovered,,52 Moción de postergación
2001-11-28_r73_ORDINARIA.pdf,53,recovered,,"53 Expropiación de tierras en Tartagal, Salta"
2001-11-28_r73_ORDINARIA.pdf,54,recovered,,"54 Creación de Juzgado de Primera Instancia en Cutral-Có, Neuquén"
2001-11-28_r73_ORDINARIA.pdf,55,recovered,,55 Partidas presupuestarias para la realización de obras compensadoras en el río Neuquén
2001-11-28_r73_ORDINARIA.pdf,56,recovered,,56 Limitación de afectaciones sobre recursos tributarios coparticipables (continuación)
2001-11-28_r73_ORDINARIA.pdf,57,recovered,,57 Prestación de servicios hidrocarburíferos periféricos
2001-11-28_r73_ORDINARIA.pdf,58,recovered,,58 Modificación del impuesto a los bienes personales
2001-11-28_r73_ORDINARIA.pdf,59,recovered,,59 Ayuda escolar anual para jubilados y pensionados
2001-11-28_r73_ORDINARIA.pdf,60,recovered,,"60 República de los Niños"""
2001-11-28_r73_ORDINARIA.pdf,61,recovered,,61 Compre argentino”
2001-11-28_r73_ORDINARIA.pdf,62,recovered,,62 Plan de Reconversión Productiva Patagónica
2001-11-28_r73_ORDINARIA.pdf,63,recovered,,63 Ley Federal de la Marina Mercante - Vuelta a comisión
2001-11-28_r73_ORDINARIA.pdf,64,recovered,,64 Derogación del decreto 1.378/01 de eliminación de subsidio establecido para la provincia de Santa Cruz
2001-11-28_r73_ORDINARIA.pdf,65,recovered,,65 Declaración de estado de emergencia del transporte aerocomercial
2001-11-28_r73_ORDINARIA.pdf,66,recovered,,66 Inclusión de los azúcares líquidos en el arancelamiento en materia azucarera
2001-11-28_r73_ORDINARIA.pdf,67,recovered,,67 Limitación de afectaciones sobre recursos tributarios coparticipables (continuación)
2001-11-28_r73_ORDINARIA.pdf,68,recovered,,68 Creación de Asociación de Entes Reguladores Eléctricos de la República Argentina
2001-11-28_r73_ORDINARIA.pdf,69,recovered,,69 Modificación de ley 23.452. Monumento al General Perón en la Ciudad de Buenos Aires
2001-11-28_r73_ORDINARIA.pdf,70,recovered,,70 Modificación de límites del parque Nahuel Huapi
2001-11-28_r73_ORDINARIA.pdf,71,recovered,,"71 Declaración de interés nacional de la explotación del yacimiento de Río Turbio, Santa Cruz"
2001-11-28_r73_ORDINARIA.pdf,72,recovered,,72 Fomento del libro y la lectura
2001-11-28_r73_ORDINARIA.pdf,73,recovered,,73 Patrimonio Cultural
2001-11-28_r73_ORDINARIA.pdf,74,recovered,,74 Instalación de la primera fábrica de cigarrillos de origen nacional
2001-11-28_r73_ORDINARIA.pdf,75,recovered,,75 Primer premio en la 10th. Mens World Cup Qualifier
2001-11-28_r73_ORDINARIA.pdf,76,recovered,,"76 Mesa redonda ""Diversidad cultural y escuela"""
2001-11-28_r73_ORDINARIA.pdf,77,recovered,,77 VII Seminario sobre patrimonio paisajista
2001-11-28_r73_ORDINARIA.pdf,78,recovered,,78 Capital nacional del pesebre
2001-11-28_r73_ORDINARIA.pdf,79,recovered,,"79 Plan Nacional de Fomento, Promoción y Desarrollo de Cultivos Andinos Subexplotados de Valor Nutricional"
2001-11-28_r73_ORDINARIA.pdf,80,recovered,,80 Derogación del decreto 1.306/00
2001-11-28_r73_ORDINARIA.pdf,81,recovered,,81 Medios materiales para la defensa nacional
2001-11-28_r73_ORDINARIA.pdf,82,recovered,,82 Repavimentación del corredor vial 18
2001-11-28_r73_ORDINARIA.pdf,83,recovered,,83 Prestaciones del PAMI en Jujuy
2001-11-28_r73_ORDINARIA.pdf,84,recovered,,84 Décimo Sexta “Fiesta de la Calle Angosta”
2001-11-28_r73_ORDINARIA.pdf,85,recovered,,85 Creación de dos fiscalías en la provincia de Buenos Aires
2001-11-28_r73_ORDINARIA.pdf,86,recovered,,86 Día de la Fuerza Argentina de Submarinos
2001-11-28_r73_ORDINARIA.pdf,88,recovered,,88 Reducción de haberes del personal del Congreso
2001-11-28_r73_ORDINARIA.pdf,89,recovered,,"89 Declaración como lugar histórico nacional a Puerto Tirol, Chaco"
2001-11-28_r73_ORDINARIA.pdf,90,recovered,,90 Reorganización del Instituto Federal de Estudios Parlamentarios
2001-11-29_r74_PREPARATORIA.pdf,5,recovered,,5 JURAMENTO E INCORPORACION DE SEÑORES SENADORES NACIONALES ELECTOS
2002-04-11_r05_ESPECIAL.pdf,1,completed,1,1 Izamiento de la bandera nacional
2002-04-11_r05_ESPECIAL.pdf,2,completed,2,2 Informe del señor jefe de Gabinete de Ministros
2002-05-28_r12_EN_MINORIA.pdf,1,recovered,,1 Manifestaciones en minoría
2002-08-22_r20_EN_MINORIA.pdf,1,recovered,,1 Manifestaciones en minoría
2003-03-12_r03_ORDINARIA.pdf,1,recovered,,1 Corte de energía eléctrica en el Senado de la Nación
2003-03-12_r03_ORDINARIA.pdf,2,completed,2,2 Protección arancelaria del azúcar - Comunicación a la H. Cámara de Diputados
2003-03-12_r03_ORDINARIA.pdf,3,completed,3,3 Corte de energía eléctrica en el Senado de la Nación (continuación)
2003-03-12_r03_ORDINARIA.pdf,4,recovered,,4 Modificación a la ley de impuestos sobre los combustibles líquidos y el gas natural
2003-03-12_r03_ORDINARIA.pdf,5,recovered,,5 Confirmación del artículo 68 de la ley de presupuesto N° 25.725
2003-03-12_r03_ORDINARIA.pdf,6,recovered,,6 Manifestaciones
2003-03-12_r03_ORDINARIA.pdf,7,recovered,,7 Retiro de un proyecto
2003-03-12_r03_ORDINARIA.pdf,9,recovered,,9 Cuarto intermedio
2003-03-26_r05_ORDINARIA.pdf,1,completed,1,1 Izamiento de la bandera nacional
2003-03-26_r05_ORDINARIA.pdf,2,completed,2,2 Mensajes solicitando acuerdos
2003-03-26_r05_ORDINARIA.pdf,3,completed,3,3 Plan de labor
2003-03-26_r05_ORDINARIA.pdf,4,recovered,,4 Artículo 66 de la Constitución Nacional
2003-03-26_r05_ORDINARIA.pdf,5,recovered,,5 Plan de labor (continuación)
2003-03-26_r05_ORDINARIA.pdf,6,recovered,,6 Izamiento de bandera a media asta
2003-03-26_r05_ORDINARIA.pdf,7,recovered,,7 Aplicación del artículo 66 de la Constitución Nacional
2003-03-26_r05_ORDINARIA.pdf,8,recovered,,8 Repudio de la invasión de Estados Unidos de América a Irak
2003-03-26_r05_ORDINARIA.pdf,9,recovered,,9 Artículo 66 de la Constitución Nacional
2003-03-26_r05_ORDINARIA.pdf,10,recovered,,10 Repudio de la invasión de Estados Unidos de América a Irak
2003-03-26_r05_ORDINARIA.pdf,11,recovered,,11 Manifestaciones
2003-05-28_r09_ORDINARIA.pdf,54,recovered,,54 Mensajes del Poder Ejecutivo solicitando acuerdos (continuación)
2003-06-18_r12_ORDINARIA.pdf,5,completed,5 PE 177/03 Modificación de la ley de creación del Instituto Nacional,5 PE 177/03 Modificación de la ley de creación del Instituto Nacional de Servicios Sociales para Jubilados y Pensiones
2003-08-20_r17_ORDINARIA.pdf,43,completed,43 Orden del Día N° 505 Fortín histórico Huitrú,"43 Orden del Día N° 505 Fortín histórico Huitrú y Estancia Villaverde , La Pampa"
2003-08-20_r17_ORDINARIA.pdf,65,completed,65 Expte Nro.,65 Expte Nro. P.E. -207/03 Renegociación de contratos de obras y servicios públicos
2003-09-17_r22_ORDINARIA.pdf,6,recovered,,6 Orden del Día N° 1020 Promoción al grado inmediato superior
2003-11-04_r29_TRIBUNAL_DE_JUICIO_POLITICO.pdf,7,recovered,,7 Interrogatorio al testigo Guillermo Eduardo Fanelli Evans
2004-02-24_r43_EXTRAORDINARIA.pdf,1,recovered,,1 Convocatoria a sesiones extraordinarias
2004-04-21_r07_ORDINARIA.pdf,19,recovered,,19 Informe sobre reunión del Parlamento Latinoamericano
2004-04-28_r08_ORDINARIA.pdf,28,recovered,,28 Ordenes del Día N° 89 y 90 Comisión Nacional de regreso a su tierra de Facundo Quiroga y traslado de sus restos
2004-05-05_r09_ORDINARIA.pdf,69,completed,69 Expte. S. 209/04 Modificación de la ley 11.683,69 Expte. S. 209/04 Modificación de la ley 11.683 de procedimientos tributarios Moción de preferencia
2004-05-05_r09_ORDINARIA.pdf,70,recovered,,70 Expte. S 220/04 Parto humanizado - Moción de preferencia
2004-05-05_r09_ORDINARIA.pdf,73,recovered,,73 S-997/04 Día de la Gendarmería Infantil
2004-08-11_r18_ORDINARIA.pdf,1,completed,1,1 Izamiento de la bandera nacional
2004-08-11_r18_ORDINARIA.pdf,2,recovered,,2 Asuntos entrados - Mensaje solicitando acuerdo
2004-08-11_r18_ORDINARIA.pdf,3,recovered,,3 Plan de labor
2004-08-11_r18_ORDINARIA.pdf,4,recovered,,4 Cuestión de privilegio
2004-08-11_r18_ORDINARIA.pdf,5,recovered,,5 Ratificación de acta acuerdo con Aguas Argentinas
2004-08-11_r18_ORDINARIA.pdf,6,recovered,,6 Prórroga de la delegación legislativa
2004-08-11_r18_ORDINARIA.pdf,7,recovered,,7 Cuestión de privilegio
2004-08-11_r18_ORDINARIA.pdf,8,recovered,,8 Modificación del Plan de Labor - Designación de representante ante el Jury del Ministerio Público
2004-09-01_r22_TRIBUNAL_DE_JUICIO_POLITICO.pdf,5,completed,5,5 Aceptación de renuncia - Clausura de juicio político (continuación)
2004-09-01_r23_ORDINARIA.pdf,41,completed,41 Orden del Día N° 869 Repudio a desmanes,41 Orden del Día N° 869 Repudio a desmanes en el edificio Libertador
2004-10-13_r29_ESPECIAL.pdf,1,recovered,,1 Convocatoria a sesión especial
2004-10-13_r29_ESPECIAL.pdf,2,recovered,,2 Informe del señor jefe de Gabinete de Ministros
2004-10-20_r30_ORDINARIA.pdf,3,recovered,,3 Homenaje en el aniversario de la creación de la Base Vicecomodoro Marambio
2004-10-20_r30_ORDINARIA.pdf,4,recovered,,4 Homenaje al fallo sobre Laguna del Desierto
2004-10-20_r30_ORDINARIA.pdf,5,recovered,,5 Plan de labor
2004-10-20_r30_ORDINARIA.pdf,6,recovered,,"6 Juez de la Cámara Federal de Apelaciones de Comodoro Rivadavia, provincia del Chubut"
2004-10-20_r30_ORDINARIA.pdf,7,recovered,,7 Designación de director del Banco Central de la República Argentina
2004-10-20_r30_ORDINARIA.pdf,8,recovered,,8 Manifestaciones
2004-10-20_r30_ORDINARIA.pdf,9,recovered,,9 Asuntos Entrados
2004-10-20_r30_ORDINARIA.pdf,10,recovered,,10 Sistema de Protección Integral de los Discapacitados en el Transporte Público
2004-10-20_r30_ORDINARIA.pdf,11,recovered,,11 Proyecto de Reforma del Sistema de Seguro de Salud II
2004-10-20_r30_ORDINARIA.pdf,12,recovered,,12 Proyecto de Gestión de la Contaminación
2004-10-20_r30_ORDINARIA.pdf,13,recovered,,13 Servicio jurídico del ex Ministerio de Economía y Obras y Servicios Públicos
2004-10-20_r30_ORDINARIA.pdf,14,recovered,,14 Sistema de abastecimiento de gas natural
2004-10-20_r30_ORDINARIA.pdf,15,recovered,,15 Entrega del doctorado honoris causa a monseñor Estanislao Karlic
2004-10-20_r30_ORDINARIA.pdf,16,recovered,,16 Homenaje a Atahualpa Yupanqui
2004-10-20_r30_ORDINARIA.pdf,17,recovered,,"17 Grupo Literario Encuentro, de Trelew, Chubut"
2004-10-20_r30_ORDINARIA.pdf,18,recovered,,"18 Limpieza de las banquinas de la 157, Catamarca"
2004-10-20_r30_ORDINARIA.pdf,19,recovered,,"19 Pavimentación de un tramo de la ruta 150, San Juan"
2004-10-20_r30_ORDINARIA.pdf,20,recovered,,"20 Realización de obras en la ruta 34, Salta"
2004-10-20_r30_ORDINARIA.pdf,21,recovered,,21 Charteo de buques
2004-10-20_r30_ORDINARIA.pdf,22,recovered,,22 Día Internacional de la Paz
2004-10-20_r30_ORDINARIA.pdf,23,recovered,,23 Aeroclubes registrados en la región patagónica
2004-10-20_r30_ORDINARIA.pdf,24,recovered,,24 Grupo vocal ““Las Voces Blancas””
2004-10-20_r30_ORDINARIA.pdf,25,recovered,,25 Día Internacional de la Alfabetización
2004-10-20_r30_ORDINARIA.pdf,26,recovered,,26 Realización de obras en Catamarca
2004-10-20_r30_ORDINARIA.pdf,27,recovered,,27 Realización de obras viales en Santiago del Estero
2004-10-20_r30_ORDINARIA.pdf,28,recovered,,"28 Construcción del Centro Vacacional, Deportivo y Cívico de Colonia Juliá y Echarren"
2004-10-20_r30_ORDINARIA.pdf,29,recovered,,"29 Recuperación del pueblo Faustino Parera, Entre Ríos"
2004-10-20_r30_ORDINARIA.pdf,30,recovered,,30 Recuperación de poblados en vías de desaparición
2004-10-20_r30_ORDINARIA.pdf,31,recovered,,31 Institutos de detención de menores
2004-10-20_r30_ORDINARIA.pdf,32,recovered,,32 Erradicación del trabajo infantil
2004-10-20_r30_ORDINARIA.pdf,33,recovered,,33 Datos para la aplicación de la Convención sobre los Derechos del Niño
2004-10-20_r30_ORDINARIA.pdf,34,recovered,,34 Proyecto ““De la basura a la dignidad””
2004-10-20_r30_ORDINARIA.pdf,35,recovered,,35 Administración Nacional de Puertos
2004-10-20_r30_ORDINARIA.pdf,36,recovered,,36 Lapidaciones en Nigeria
2004-10-20_r30_ORDINARIA.pdf,37,recovered,,37 III Congreso Mundial de Quechua Niños de Llullayllaco
2004-10-20_r30_ORDINARIA.pdf,38,recovered,,"38 Crisis humanitaria en Darfur, Sudán"
2004-10-20_r30_ORDINARIA.pdf,39,recovered,,39 Ayuda humanitaria a Haití
2004-10-20_r30_ORDINARIA.pdf,40,recovered,,40 Convenio de Cooperación Educativa con Cuba
2004-10-20_r30_ORDINARIA.pdf,41,recovered,,41 Pesar por el fallecimiento de Ubaldo Calabresi
2004-10-20_r30_ORDINARIA.pdf,42,recovered,,42 Misión de la Argentina en Haití
2004-10-20_r30_ORDINARIA.pdf,43,recovered,,"43 Asesinato del alcalde de Ayo Ayo, Bolivia"
2004-10-20_r30_ORDINARIA.pdf,44,recovered,,44 Declaración de Quito sobre Desarrollo Social y Democracia frente a la Incidencia de la Corrupción
2004-10-20_r30_ORDINARIA.pdf,45,recovered,,45 Soberanía en las islas Malvinas
2004-10-20_r30_ORDINARIA.pdf,46,recovered,,46 Fallecimiento del presidente de Austria
2004-10-20_r30_ORDINARIA.pdf,47,recovered,,47 Convenio entre el gobierno de Salta y propietarios de la finca Luracatao
2004-10-20_r30_ORDINARIA.pdf,48,recovered,,48 Agilización de la entrega de los DNI gestionados en Jujuy
2004-10-20_r30_ORDINARIA.pdf,49,recovered,,49 Nuevo convenio sobre distribución de tasas en la provincia de Entre Ríos
2004-10-20_r30_ORDINARIA.pdf,50,recovered,,50 Entrega de DNI en la provincia de Entre Ríos
2004-10-20_r30_ORDINARIA.pdf,51,recovered,,51 Ley de tarjetas de crédito
2004-10-20_r30_ORDINARIA.pdf,52,recovered,,52 Jornada ““El catastro: base del desarrollo económico y uso del suelo””
2004-10-20_r30_ORDINARIA.pdf,53,recovered,,53 Control y protección del algarrobo
2004-10-20_r30_ORDINARIA.pdf,54,recovered,,"54 Planta de procesamiento de uranio, Córdoba"
2004-10-20_r30_ORDINARIA.pdf,55,recovered,,55 Premio Senado de la Nación en la fiesta del Eisteddfod del Chubut 2004
2004-10-20_r30_ORDINARIA.pdf,56,recovered,,56 Remisión a Catamarca de fondos para emergencia agropecuaria
2004-10-20_r30_ORDINARIA.pdf,57,recovered,,57 Partida presupuestaria para reformas en el Hospital “Saporiti” de Mendoza
2004-10-20_r30_ORDINARIA.pdf,58,recovered,,"58 Partida presupuestaria para la conclusión del entubamiento de los desagües del municipio de Vista Alegre, Neuquén"
2004-10-20_r30_ORDINARIA.pdf,59,recovered,,59 Partida presupuestaria para la realización de obras de infraestructura sanitaria en el Chaco
2004-10-20_r30_ORDINARIA.pdf,60,recovered,,60 Partida presupuestaria para atender la salud pública en el Chaco
2004-10-20_r30_ORDINARIA.pdf,61,recovered,,61 Subsidio para la firma Servicios Ferroviarios del Chaco S.A.
2004-10-20_r30_ORDINARIA.pdf,62,recovered,,62 Servicios Ferroviarios del Chaco S.A.
2004-10-20_r30_ORDINARIA.pdf,63,recovered,,63 Partida presupuestaria para la ejecución de obras de infraestructura en el Chaco
2004-10-20_r30_ORDINARIA.pdf,64,recovered,,64 Gratuidad de las fotografías para el DNI
2004-10-20_r30_ORDINARIA.pdf,65,recovered,,65 Premio ““Periodistas por un día””
2004-10-20_r30_ORDINARIA.pdf,66,recovered,,"66 Programa MESE, de la Escuela Superior de Comercio ““Domingo Guzmán Silva””, Rosario"
2004-10-20_r30_ORDINARIA.pdf,67,recovered,,67 Designación de Mary Ann Glendon para presidir la Pontificia Academia de Ciencias Sociales
2004-10-20_r30_ORDINARIA.pdf,68,recovered,,"68 Edificio de la ex Oficina de Radiotelégrafo de Presidencia Roque Sáenz Peña, Chaco"
2004-10-20_r30_ORDINARIA.pdf,69,recovered,,69 Prototipo para personas que se encuentren inmovilizadas
2004-10-20_r30_ORDINARIA.pdf,70,recovered,,70 Mención de honor otorgada a la escritora Estrella Boggia
2004-10-20_r30_ORDINARIA.pdf,71,recovered,,"71 Museo Histórico del Convento San Carlos, San Lorenzo, Santa Fe"
2004-10-20_r30_ORDINARIA.pdf,72,recovered,,72 Distinción otorgada al investigador Héctor N. Torres
2004-10-20_r30_ORDINARIA.pdf,73,recovered,,73 Sistema educativo y cultural “Conexión educativa”
2004-10-20_r30_ORDINARIA.pdf,74,recovered,,74 Informe sobre Ley Federal de Educación
2004-10-20_r30_ORDINARIA.pdf,75,recovered,,"75 Obtención de premios en la Feria Internacional de Ciencias e Ingeniería, Portland, Estados Unidos"
2004-10-20_r30_ORDINARIA.pdf,76,recovered,,76 Aniversario de la fundación de la provincia de San Juan
2004-10-20_r30_ORDINARIA.pdf,77,recovered,,77 Homenaje a la memoria de Felipe Varela
2004-10-20_r30_ORDINARIA.pdf,78,recovered,,78 Becas otorgadas a científicos argentinos
2004-10-20_r30_ORDINARIA.pdf,79,recovered,,79 Plan Nacional de Lectura
2004-10-20_r30_ORDINARIA.pdf,81,recovered,,81 Capacitación en Lectoescritura para Docentes Rurales
2004-10-20_r30_ORDINARIA.pdf,82,recovered,,"82 Reconocimiento a alumnos de la Escuela 404, “Lisandro de la Torre”, de Rosario"
2004-10-20_r30_ORDINARIA.pdf,83,recovered,,83 Homenaje a la Reforma Universitaria
2004-10-20_r30_ORDINARIA.pdf,84,recovered,,84 Labor de la científica Laura Borodinsky
2004-10-20_r30_ORDINARIA.pdf,85,recovered,,85 Realización de un relevamiento de la situación de la educación especial
2004-10-20_r30_ORDINARIA.pdf,86,recovered,,86 Deterioro del Archivo General de la Nación
2004-10-20_r30_ORDINARIA.pdf,87,recovered,,87 Expo Concordia 2004
2004-10-20_r30_ORDINARIA.pdf,88,recovered,,88 Aniversario de la fundación de San Luis
2004-10-20_r30_ORDINARIA.pdf,89,recovered,,89 Destrucción y abandono de la Casa del Puente
2004-10-20_r30_ORDINARIA.pdf,90,recovered,,90 Premio obtenido por investigadores de la Universidad Nacional de Tucumán
2004-10-20_r30_ORDINARIA.pdf,91,recovered,,91 Premios Konex 2004 para escritores argentinos
2004-10-20_r30_ORDINARIA.pdf,92,recovered,,92 Premio otorgado a la científica argentina Silvia Braslavsky
2004-10-20_r30_ORDINARIA.pdf,93,recovered,,"93 Mención “Maestra Ilustre 2004"""
2004-10-20_r30_ORDINARIA.pdf,94,recovered,,94 Administración del Fondo de Fomento Cinematográfico
2004-10-20_r30_ORDINARIA.pdf,95,recovered,,"95 Aplicación de la ley 25.080, de inversiones para bosques cultivados"
2004-10-20_r30_ORDINARIA.pdf,96,recovered,,96 Planta procesadora de productos hortícolas en Salto Grande
2004-10-20_r30_ORDINARIA.pdf,97,recovered,,97 Extracción de recursos pesqueros
2004-10-20_r30_ORDINARIA.pdf,98,recovered,,98 Premio recibido por la empresa INVAP S.E.
2004-10-20_r30_ORDINARIA.pdf,99,recovered,,99 Programa de Reconversión del Área Tabacalera
2004-10-20_r30_ORDINARIA.pdf,101,recovered,,101 Programa Incan Trehua
2004-10-20_r30_ORDINARIA.pdf,103,recovered,,103 Programas regionales de lucha contra la fiebre aftosa
2004-10-20_r30_ORDINARIA.pdf,104,recovered,,104 Planta para la producción y comercialización de arándanos en Concordia
2004-10-20_r30_ORDINARIA.pdf,105,recovered,,105 V Fiesta Nacional del Oro Dulce y XXVIII Fiesta Provincial de la Miel
2004-10-20_r30_ORDINARIA.pdf,107,recovered,,"107 Incentivo docente a quienes trabajan en el Consejo Nacional de Niñez, Adolescencia y Familia"
2004-10-20_r30_ORDINARIA.pdf,108,recovered,,108 Ampliación del plazo de una resolución de la AFIP
2004-10-20_r30_ORDINARIA.pdf,109,recovered,,109 Trabajos bibliográficos del doctor Dalmacio Vélez Sarsfield
2004-10-20_r30_ORDINARIA.pdf,110,recovered,,110 Moción de vuelta a comisión
2004-10-20_r30_ORDINARIA.pdf,111,recovered,,111 Empresa Energía Argentina Sociedad Anónima
2004-10-20_r30_ORDINARIA.pdf,112,recovered,,112 Prohibición de venta de cigarrillos a menores de 18 años
2004-10-20_r30_ORDINARIA.pdf,113,recovered,,113 Orden del Día N° 467 Impresión de billete con imagen de Juan Facundo Quiroga
2004-10-20_r30_ORDINARIA.pdf,114,recovered,,114 Modificación de la ley 25.877 - Vuelta a comisión
2004-10-20_r30_ORDINARIA.pdf,115,recovered,,115 Modificación del régimen de pasantías
2004-10-20_r30_ORDINARIA.pdf,116,recovered,,116 Programa Federal de Bibliotecas Itinerantes de Préstamo
2004-10-20_r30_ORDINARIA.pdf,117,recovered,,117 Derechos de los usuarios morosos
2004-10-20_r30_ORDINARIA.pdf,118,recovered,,118 Promoción del Turismo Nacional
2004-10-20_r30_ORDINARIA.pdf,119,recovered,,119 Modificación de la ley de tarjetas de crédito
2004-10-20_r30_ORDINARIA.pdf,120,recovered,,120 Convenio con el Reino de los Países Bajos sobre la Exportación Recíproca de Prestaciones de la Seguridad Social
2004-10-20_r30_ORDINARIA.pdf,121,recovered,,121 Convenio de Estocolmo
2004-10-20_r30_ORDINARIA.pdf,122,recovered,,122 Acuerdo Complementario al Protocolo de Asistencia Jurídica Mutua en Asuntos Penales entre los Estados Partes del Mercosur
2004-10-20_r30_ORDINARIA.pdf,123,recovered,,123 Orden del Día N° 1090 Creación del Parque y Reserva Nacional Monte León
2004-10-20_r30_ORDINARIA.pdf,124,recovered,,124 Declaración como Capital Nacional del Tango a la Ciudad Autónoma de Buenos Aires
2004-10-20_r30_ORDINARIA.pdf,125,recovered,,125 Día de las Naciones Unidas
2004-10-20_r30_ORDINARIA.pdf,126,recovered,,"126 Denominación como “señor Rodolfo Aniceto Fernández” a un tramo de ruta 34, en la provincia de Salta"
2004-10-20_r30_ORDINARIA.pdf,127,recovered,,"127 Declaración como monumento histórico nacional de la iglesia San Francisco, San Salvador de Jujuy"
2004-10-20_r30_ORDINARIA.pdf,128,recovered,,128 Declaración como monumentos naturales a las especies vivas del aguará guazú
2004-10-20_r30_ORDINARIA.pdf,129,recovered,,129 Moneda con imagen de Arturo Humberto Illia
2004-10-20_r30_ORDINARIA.pdf,130,recovered,,130 Asuntos sobre tablas a solicitar
2004-10-27_r31_ORDINARIA.pdf,32,completed,32 Tratamiento del IVA en locaciones de obra Disminución de la alícuota del IVA para el ganado Eximición del impuesto a la ganancia mínima presunta a entes y organismos,"32 Tratamiento del IVA en locaciones de obra Disminución de la alícuota del IVA para el ganado Eximición del impuesto a la ganancia mínima presunta a entes y organismos de estados provinciales, municipios y Ciudad Autónoma de Buenos Aires"
2004-12-01_r35_ORDINARIA.pdf,2,recovered,,2 Entrega de diploma al ingeniero agrónomo Romeo E. Cafferata
2004-12-01_r35_ORDINARIA.pdf,3,recovered,,3 Plan de labor
2004-12-01_r35_ORDINARIA.pdf,5,recovered,,5 Exp. N° 1938/04 Discriminación de la mujer. Moción de preferencia
2004-12-01_r35_ORDINARIA.pdf,6,recovered,,6 Plan de labor (continuación)
2004-12-01_r35_ORDINARIA.pdf,7,recovered,,7 Asuntos entrados
2004-12-01_r35_ORDINARIA.pdf,8,recovered,,8 Designación del Defensor del Pueblo de la Nación
2004-12-01_r35_ORDINARIA.pdf,9,recovered,,"9 Subsidio para el municipio de Choele Choel, Río Negro"
2004-12-01_r35_ORDINARIA.pdf,10,recovered,,10 Homenaje al doctor Enrique de Gandía
2004-12-01_r35_ORDINARIA.pdf,11,recovered,,"11 Control de las importaciones, exportaciones y tránsito de cargas de alimentos por transporte terrestre"
2004-12-01_r35_ORDINARIA.pdf,12,recovered,,12 Proyecto “Apoyo en la Ejecución del Plan Piloto para la Implementación del Proyecto de Reforma del Sector Salud en la Ciudad de Buenos Aires”
2004-12-01_r35_ORDINARIA.pdf,13,recovered,,13 Programa Federal de la Mujer
2004-12-01_r35_ORDINARIA.pdf,14,recovered,,14 Comité Federal de Radiodifusión y Comisión Nacional de Comunicaciones. Pedido de informes
2004-12-01_r35_ORDINARIA.pdf,15,recovered,,15 Proyecto “Asistencia Técnica en Teledetección y Sistemas de Información Georreferenciados”
2004-12-01_r35_ORDINARIA.pdf,16,recovered,,16 Proyecto de Saneamiento Ambiental y Control de las Inundaciones en la Cuenca Río Reconquista
2004-12-01_r35_ORDINARIA.pdf,17,recovered,,"17 Gas Licuado, Regulación y Controles"
2004-12-01_r35_ORDINARIA.pdf,18,recovered,,18 Programa de Reforma de la Educación Superior Técnica no Universitaria
2004-12-01_r35_ORDINARIA.pdf,19,recovered,,"19 Proyecto Apoyo al Diseño y Formulación del Sistema de Vigilancia, Prevención y Control de Enfermedades Emergentes y Endémicas en la República Argentina"
2004-12-01_r35_ORDINARIA.pdf,20,recovered,,20 Programa Multisectorial de Preinversión
2004-12-01_r35_ORDINARIA.pdf,21,recovered,,21 Instituto Nacional de Cine y Artes Audiovisuales
2004-12-01_r35_ORDINARIA.pdf,22,recovered,,22 Museo de la Deuda Externa
2004-12-01_r35_ORDINARIA.pdf,23,recovered,,23 Bosques Nativos y Áreas Protegidas
2004-12-01_r35_ORDINARIA.pdf,24,recovered,,24 Medidas de emergencia para resolver la situación de la ganadería chaqueña
2004-12-01_r35_ORDINARIA.pdf,25,recovered,,25 Instituto de Promoción de la Carne Vacuna y otras empresas en la feria alimentaria World Food Moscú 2004
2004-12-01_r35_ORDINARIA.pdf,26,recovered,,26 Girasol transgénico resistente a las sequías
2004-12-01_r35_ORDINARIA.pdf,27,recovered,,27 Cumplimiento con los beneficios fiscales establecidos por la ley de inversiones en bosques cultivados
2004-12-01_r35_ORDINARIA.pdf,28,recovered,,28 Ramal ferroviario La Trochita
2004-12-01_r35_ORDINARIA.pdf,29,recovered,,"29 Castillo San Carlos, de Concordia"
2004-12-01_r35_ORDINARIA.pdf,30,recovered,,30 Situación del buque portacontenedores “Neptunia Mediterránea” en el puerto de Ushuaia
2004-12-01_r35_ORDINARIA.pdf,31,recovered,,31 Reconocimiento al doctor Víctor Trucco
2004-12-01_r35_ORDINARIA.pdf,32,recovered,,32 Reserva y siembra de semillas de productores agropecuarios para su propio uso
2004-12-01_r35_ORDINARIA.pdf,33,recovered,,33 Proyecto “Cascos Blancos en el Mercosur - Apoyo a la lucha contra la fiebre aftosa en la frontera Argentina - Paraguay”
2004-12-01_r35_ORDINARIA.pdf,34,recovered,,34 Homologación de la emergencia agropecuaria del Chaco
2004-12-01_r35_ORDINARIA.pdf,35,recovered,,35 Concurso Alas para el Medio Ambiente
2004-12-01_r35_ORDINARIA.pdf,36,recovered,,"36 Comisión de Turismo del Honorable Senado en Malargüe, Mendoza"
2004-12-01_r35_ORDINARIA.pdf,37,recovered,,"37 Programa de adiestramiento de perros detectores de materia orgánica, en San Juan"
2004-12-01_r35_ORDINARIA.pdf,38,recovered,,38 Reparación de la Casa de la Provincia de San Juan
2004-12-01_r35_ORDINARIA.pdf,39,recovered,,39 Devolución del impuesto al valor agregado
2004-12-01_r35_ORDINARIA.pdf,40,recovered,,40 Modificación del sistema de admisión temporaria para granos oleaginosos
2004-12-01_r35_ORDINARIA.pdf,41,recovered,,41 Subsidio para la Universidad Popular de Resistencia
2004-12-01_r35_ORDINARIA.pdf,42,recovered,,"42 Rotary Club de General Roca, Río Negro"
2004-12-01_r35_ORDINARIA.pdf,43,recovered,,"43 Restauración de la parroquia San Ignacio de Loyola, Buenos Aires"
2004-12-01_r35_ORDINARIA.pdf,44,recovered,,44 Anulación de resolución de la AFIP
2004-12-01_r35_ORDINARIA.pdf,45,recovered,,45 Condonación de la deuda de la Asociación Deportiva y Cultural Lacar
2004-12-01_r35_ORDINARIA.pdf,46,recovered,,46 Comisión Regional del Río Bermejo
2004-12-01_r35_ORDINARIA.pdf,47,recovered,,47 Envío de fondos a Catamarca
2004-12-01_r35_ORDINARIA.pdf,48,recovered,,48 Ley sobre protección de datos personales
2004-12-01_r35_ORDINARIA.pdf,49,recovered,,"49 Línea telefónica en el monumento natural Laguna de Pozuelos, Jujuy"
2004-12-01_r35_ORDINARIA.pdf,50,recovered,,50 Cumplimiento de la Ley de Radiodifusión
2004-12-01_r35_ORDINARIA.pdf,51,recovered,,"51 Número telefónico para localidades de la quebrada de Humahuaca, Jujuy"
2004-12-01_r35_ORDINARIA.pdf,52,recovered,,52 Adhesión a la posición del Parlatino acerca de Haití
2004-12-01_r35_ORDINARIA.pdf,53,recovered,,53 Redacción de textos escolares de historia en el ámbito del Mercosur
2004-12-01_r35_ORDINARIA.pdf,54,recovered,,54 Tragedia aérea en la Federación Rusa
2004-12-01_r35_ORDINARIA.pdf,55,recovered,,55 X Congreso Eucarístico Nacional
2004-12-01_r35_ORDINARIA.pdf,56,recovered,,56 Publicación en Internet de los requisitos para exportación de productos argentinos según la ley contra el bioterrorismo
2004-12-01_r35_ORDINARIA.pdf,57,recovered,,57 Cumplimiento de la resolución 1.540de las Naciones Unidas
2004-12-01_r35_ORDINARIA.pdf,58,recovered,,58 Sede del Tribunal Permanente de Revisión del Mercosur
2004-12-01_r35_ORDINARIA.pdf,60,recovered,,60 Día Internacional de los Desaparecidos
2004-12-01_r35_ORDINARIA.pdf,61,recovered,,61 Resolución del OMC sobre subsidios estadounidenses al algodón
2004-12-01_r35_ORDINARIA.pdf,62,recovered,,62 Día Mundial de las Naciones Unidas
2004-12-01_r35_ORDINARIA.pdf,63,recovered,,63 Simposio de Humedales Altoandinos
2004-12-01_r35_ORDINARIA.pdf,64,recovered,,64 Programas ambientales
2004-12-01_r35_ORDINARIA.pdf,65,recovered,,65 Jornada sobre Atención Primaria Ambiental y Calidad de Vida
2004-12-01_r35_ORDINARIA.pdf,66,recovered,,66 XIII Conferencia de la Alianza Cooperativa Internacional
2004-12-01_r35_ORDINARIA.pdf,67,recovered,,67 Plazo de ejecución de bajas de los programas sociales de Jujuy
2004-12-01_r35_ORDINARIA.pdf,68,recovered,,68 Régimen de asignaciones familiares al departamento de Tumbaya
2004-12-01_r35_ORDINARIA.pdf,69,recovered,,69 Plan Mayores
2004-12-01_r35_ORDINARIA.pdf,70,recovered,,70 Incumplimiento del pago adicional por zona desfavorable al personal del correo oficial de La Pampa
2004-12-01_r35_ORDINARIA.pdf,71,recovered,,"71 VIII Jornadas de Salud Ocupacional y el IV Simposio de Higiene, Seguridad y Medio Ambiente"
2004-12-01_r35_ORDINARIA.pdf,72,recovered,,72 Expo Emprendedor 2004 Promoviendo Inclusión y Trabajo
2004-12-01_r35_ORDINARIA.pdf,73,recovered,,73 Prevención de incendios forestales
2004-12-01_r35_ORDINARIA.pdf,74,recovered,,74 Muestra fotográfica Detrás de la mirada
2004-12-01_r35_ORDINARIA.pdf,75,recovered,,75 Día Internacional de la Solidaridad
2004-12-01_r35_ORDINARIA.pdf,76,recovered,,76 Día Internacional del Recuerdo de la Trata de Esclavos y su Abolición
2004-12-01_r35_ORDINARIA.pdf,77,recovered,,77 Aniversario de la creación del Instituto de Investigaciones Científicas y Técnicas de las Fuerzas Armadas
2004-12-01_r35_ORDINARIA.pdf,79,recovered,,79 Régimen para la actividad teatral
2004-12-01_r35_ORDINARIA.pdf,80,recovered,,80 Ayuda económica no remunerativa Programa Jefes de Hogar
2004-12-01_r35_ORDINARIA.pdf,81,recovered,,81 Declaración de emergencia sanitaria nacional
2004-12-01_r35_ORDINARIA.pdf,82,recovered,,82 Publicidad de estados contables de personas jurídicas
2004-12-01_r35_ORDINARIA.pdf,83,recovered,,83 Asignación no remunerativa para el sector privado
2004-12-01_r35_ORDINARIA.pdf,84,recovered,,84 Monto del salario mínimo vital y móvil
2004-12-01_r35_ORDINARIA.pdf,85,recovered,,85 Suspensión de despidos sin causa justificada
2004-12-01_r35_ORDINARIA.pdf,86,recovered,,86 Emergencia ocupacional nacional
2004-12-01_r35_ORDINARIA.pdf,87,recovered,,87 Retribuciones en la administración pública
2004-12-01_r35_ORDINARIA.pdf,88,recovered,,88 Doble indemnización en caso de despido
2004-12-01_r35_ORDINARIA.pdf,89,recovered,,89 Prorroga del límite del monto de las remuneraciones en la administración pública
2004-12-01_r35_ORDINARIA.pdf,90,recovered,,90 Reducción del monto indemnizatorio en los despidos sin causa justificada
2004-12-01_r35_ORDINARIA.pdf,91,recovered,,91 Acceso a la información pública
2004-12-01_r35_ORDINARIA.pdf,92,recovered,,92 Modificación del Plan de Labor
2004-12-01_r35_ORDINARIA.pdf,93,recovered,,93 S. 76/04 Limitación de comisiones en tarjetas de crédito
2004-12-01_r35_ORDINARIA.pdf,94,recovered,,"94 Régimen promocional para la investigación, desarrollo, generación y uso de biocombustibles y derivados oleoquímicos"
2004-12-01_r35_ORDINARIA.pdf,95,recovered,,95 Exp. C.D. 96/04 Régimen de inembargabilidad
2004-12-01_r35_ORDINARIA.pdf,96,recovered,,96 Orden del Día 1182
2004-12-01_r35_ORDINARIA.pdf,97,recovered,,97 Orden del Día N° 1601 Fondo de Reparación Histórica
2004-12-01_r35_ORDINARIA.pdf,98,recovered,,"98 Orden del Día N° 1610 Registro Nacional de Fábricas de Armas, Municiones, Explosivos, Pirotecnia y"
2004-12-01_r35_ORDINARIA.pdf,99,recovered,,99 Orden del Día N° 1630 Modificación de la Ley de Propiedad Intelectual
2004-12-01_r35_ORDINARIA.pdf,100,recovered,,100 Orden del Día 1568 Modificación de la ley de propiedad intelectual
2004-12-01_r35_ORDINARIA.pdf,101,recovered,,101 Orden del Día 1569 Equiparación de la mujer al régimen legal de nombres y apellidos
2004-12-01_r35_ORDINARIA.pdf,102,recovered,,102 Orden del Día 1544 Modificación de la ley sobre realización de estudios acerca de las consecuencias ambientales y ecológicas de la construcción de represas
2004-12-01_r35_ORDINARIA.pdf,103,recovered,,103 Orden del Día 1516 “Fiesta Nacional del Productor de Maíz y la Cosecha Gruesa”
2004-12-01_r35_ORDINARIA.pdf,104,recovered,,104 Orden del Día 815 Recuperación de suelos destinados a la producción agrícola
2004-12-01_r35_ORDINARIA.pdf,105,recovered,,"105 Orden del Día 1383 Transferencia de un inmueble a la Municipalidad de Villa Giardino, Córdoba"
2004-12-01_r35_ORDINARIA.pdf,106,recovered,,106 Orden del Día 1334 Modificación de un artículo del Código Penal
2004-12-01_r35_ORDINARIA.pdf,107,recovered,,107 Orden del Día 1558 Ley Nacional de Artesanías
2004-12-01_r35_ORDINARIA.pdf,108,recovered,,108 Orden del Día 1460 Sociedades de garantía recíproca
2004-12-01_r35_ORDINARIA.pdf,109,recovered,,"109 Transferencia de un inmueble al municipio de San Miguel, Corrientes"
2004-12-01_r35_ORDINARIA.pdf,110,recovered,,110 Recuperación de suelos destinados a la producción agrícola. Moción de reconsideración
2004-12-01_r35_ORDINARIA.pdf,111,recovered,,111 Transferencia de un inmueble a la provincia de corrientes (S. 2063/04)
2004-12-16_r37_ORDINARIA.pdf,1,recovered,,1 Plan de labor
2004-12-16_r37_ORDINARIA.pdf,2,recovered,,2 Acuerdos para nombramiento de funcionarios de las Fuerzas Armadas
2004-12-16_r37_ORDINARIA.pdf,3,recovered,,3 Acuerdos para el Servicio Exterior de la Nación
2004-12-16_r37_ORDINARIA.pdf,4,recovered,,4 Régimen de Jubilación Anticipada
2004-12-16_r37_ORDINARIA.pdf,5,recovered,,5 Régimen especial de jubilaciones y pensiones
2004-12-16_r37_ORDINARIA.pdf,6,recovered,,6 Modificación del plan de labor
2004-12-16_r37_ORDINARIA.pdf,7,recovered,,7 Ejercicio de la medicina veterinaria
2004-12-16_r37_ORDINARIA.pdf,9,recovered,,9 Orden del Día N° 1542
2005-02-03_r38_EXTRAORDINARIA.pdf,9,recovered,,9 PE 867/04 Embajador extraordinario y plenipotenciario
2005-03-02_r02_ORDINARIA.pdf,3,recovered,,3 Asuntos Entrados
2005-05-18_r14_ORDINARIA.pdf,83,completed,83,"83 Transferencia de inmuebles a la Municipalidad de Presidencia Roque Sáenz Peña, Chaco"
2005-05-18_r14_ORDINARIA.pdf,85,completed,85,85 Día Nacional del Bandoneón
2005-09-21_r29_ORDINARIA.pdf,159,completed,159 Declaración conjunta de la Argentina y Paraguay para ampliar,159 Declaración conjunta de la Argentina y Paraguay para ampliar zona de exclusión pesquera
2005-09-28_r32_ORDINARIA.pdf,6,recovered,,6 Asuntos entrados (continuación) Menem. —
2005-11-29_r39_ESPECIAL.pdf,1,recovered,,1 Manifestaciones
2005-11-29_r39_ESPECIAL.pdf,2,recovered,,2 Convocatoria a sesión especial
2005-11-29_r39_ESPECIAL.pdf,3,recovered,,3 Izamiento de la bandera nacional
2005-11-29_r39_ESPECIAL.pdf,4,recovered,,4 Aprobación de títulos y diplomas de senadores electos por Formosa
2005-11-29_r39_ESPECIAL.pdf,5,recovered,,5 Juramentos
2006-03-15_r03_ORDINARIA.pdf,8,completed,8,8 Acuerdos
2006-10-11_r25_ORDINARIA.pdf,3,completed,"3. Homenaje a las víctimas del accidente ocurrido en la Ruta N° 11,","3. Homenaje a las víctimas del accidente ocurrido en la Ruta N° 11, provincia de"
2006-12-20_r32_ORDINARIA.pdf,9,completed,9. Creación de juzgados de primera instancia en lo Comercial,9. Creación de juzgados de primera instancia en lo Comercial de la Capital Federal
2007-07-04_r10_ORDINARIA.pdf,6,completed,6. Solidaridad con,6. Solidaridad con las víctimas del atentado a la AMIA-DAIA
2007-12-10_r00_ASAMBLEA.pdf,3,completed,3,3 PROCLAMACIÓN DE LA FÓRMULA ELECTA
2007-12-10_r00_ASAMBLEA.pdf,5,completed,5,5 JURAMENTOS
2007-12-10_r00_ASAMBLEA.pdf,6,completed,6,6 TRASPASO DE GOBIERNO Y ENTREGA DE LOS ATRIBUTOS DEL MANDO
2007-12-10_r00_ASAMBLEA.pdf,7,completed,7,7 MENSAJE DE LA SE ORA PRESIDENTA DE LA NACIÓN
2007-12-19_r21_ORDINARIA.pdf,6,recovered,,6 CD 188/06: Ley sobre custodia de bienes objeto de secuestro (Continuación)
2008-04-16_r05_ORDINARIA.pdf,11,completed,11. CD 6/08.,11. CD 6/08. Prórroga del plazo establecido en el artículo 30 de la Ley 24573
2008-05-21_r08_ORDINARIA.pdf,23,recovered,,"23 OD-169: Adhesión a la celebración del Día de la Tierra. OD-170: Estado de avance de los programas y proyectos para detectar y prevenir cambios climáticos. Pedido de informes. OD-171: Derrame del concentrado de minerales ocurrido en la explotación minera Bajo la Alumbrera, Catamarca. Pedido de informes. OD-172: Beneplácito por el informe de la Organización Mundial de Turismo donde consigna que nuestro país es el segundo de América en crecimiento de arribo de turistas. OD-173: Declaración de interés turístico de la temporada invernal en la ciudad de Termas de Río Hondo, provincia de Santiago del Estero. OD-174: Declaración de interés de la Muestra itinerante “100 años de turismo argentino”. OD-175: Declaración de interés turístico de la realización de la XIV Edición de la Cabalgata Brocheriana. OD-176: Intensificación de los controles sobre los comerciantes para que exhiban los precios de sus productos. OD-177: Adopción de medidas para el cumplimiento de la ley 22.802, de lealtad comercial y sus modificatorias, respecto a la práctica del denominado redondeo a favor del consumidor. OD-178: ?????"
2008-05-21_r08_ORDINARIA.pdf,24,recovered,,"24 S-1139/08: Pesar por la desaparición física del Cardenal Alfonso López Trujillo. S-1092/08: Solicitud para que el Consejo de la Magistratura de la Nación arbitre los medios necesarios para que se cumpla con lo establecido en la Ley Nacional N° 25269, poniendo en funcionamiento las Cámaras Federales de Apelación en diversas provincias. S-1091/08: Solicitud para que el Poder Ejecutivo Nacional adopte las medidas necesarias para el cumplimiento de la Ley Nacional N° 25.269, poniendo en funcionamiento las Cámaras Federales de Apelación. S-1090/08: Solicitud para que la Corte Suprema de Justicia de la Nación adopte las medidas necesarias para el cumplimiento de la Ley Nacional N° 25269, poniendo en funcionamiento las Cámaras Federales de Apelación. S-1080/08 y otros: 17° Feria de Arte Contemporáneo ArteBA´08. S-1481/08: LII Plenario de la Coordinadora de Cajas de Previsión de Seguridad Social para Profesionales de la República Argentina. S-1133/08: 35° aniversario de la creación de la Universidad Nacional de San Luis. S-1457/08: Primeras Jornadas Provinciales de Celiaquía. S-1218/08: Día Mundial del Medio Ambiente. S-24/08: Preocupación por los recursos hídrico y níveo en las cabeceras de cuencas de las"
2008-09-10_r15_ORDINARIA.pdf,28,recovered,,"28 S-2659/08: Foro Internacional Vitivinícola “La Competitividad en Entornos Cambiantes”. S-2737/08: Primeras Jornadas Italo-Latinoamericanas de Defensores del Pueblo. S-1535, 2020, 2727 y 2701/08: Día Nacional de la Solidaridad. S-2733/08: IV Feria Nacional e Internacional “Expolivo 2008"", a realizarse en Catamarca. S-3069/08: Primer Encuentro Internacional sobre la Escuela Pública, a realizarse en Mendoza. S-1830/08: Declaración de interés cultural del programa de TV “Las partes del Todo”, emitido por canal (A) de la ciudad de Buenos Aires. S-2662/08: Comisión de Turismo en Puerto Madryn. S-2351 y 2721/08: Patrullaje de la IV Flota de Estados Unidos en aguas latinoamericanas."
2008-11-05_r19_ORDINARIA.pdf,25,completed,25. Postergación,25. Postergación del tratamiento de un proyecto
2009-08-20_r08_ORDINARIA.pdf,9,completed,9. OD-299/09,9. OD-299/09 y otros: Sistema Nacional para la Prevención y Mitigación de Emergencias y Desastres Agropecuarios
2009-10-28_r15_ORDINARIA.pdf,12,completed,12. OD-513/09.,12. OD-513/09. Modificación de la ley de responsabilidad fiscal
2009-11-11_r16_ORDINARIA.pdf,7,completed,7. S-3.090/09 y Exptes. 1091 a 1145: Suspensión de embargo a,7. S-3.090/09 y Exptes. 1091 a 1145: Suspensión de embargo a productores agropecuarios y resoluciones de la Comisión Parlamentaria Mixta Revisora de Cuentas de la Administración. Mociones de preferencia
2009-11-11_r16_ORDINARIA.pdf,9,completed,9. S-1.932/09: Denominación como “Presidente Raúl Alfonsín”,9. S-1.932/09: Denominación como “Presidente Raúl Alfonsín” a autopista en Jujuy
2009-11-18_r17_ORDINARIA.pdf,26,completed,26. OD-578-09: Modificación Código Penal,26. OD-578-09: Modificación Código Penal respecto del delito de calumnias e injurias.
2009-12-02_r20_ORDINARIA.pdf,17,completed,17. OD-665/09.,17. OD-665/09. Modificación Ley de Contrato de Trabajo
2010-04-14_r06_ORDINARIA.pdf,10,completed,10 C.D.-96/09,10 C.D.-96/09 CARGOS BANCARIOS DE OPERACIONES REALIZADAS SOBRE LAS CUENTAS SUELDO
2010-04-28_r07_ORDINARIA.pdf,4,completed,4,4 DÍA INTERNACIONAL DE LA MUJER
2010-04-28_r07_ORDINARIA.pdf,5,completed,5,5 ASUNTOS ENTRADOS
2010-04-28_r07_ORDINARIA.pdf,6,recovered,,6 FIRMA DE ACTA DE LABOR PARLAMENTARIA
2010-04-28_r07_ORDINARIA.pdf,7,recovered,,7 ASUNTOS ENTRADOS (Continuación)
2010-04-28_r07_ORDINARIA.pdf,9,completed,9,9 REPUDIO DE AGRESIÓN A PERIODISTAS
2010-06-09_r12_ORDINARIA.pdf,7,recovered,,7 ASUNTOS ENTRADOS
2010-06-09_r12_ORDINARIA.pdf,11,recovered,,11 O.D. N° 420 PROMOCIÓN AL GRADO INMEDIATO SUPERIOR AL CONTRAALMIRANTE JORGE ROBERTO GONZÁLEZ
2010-06-30_r13_ORDINARIA.pdf,11,completed,11 S.-1.191/10,11 S.-1.191/10 S.-1.189/10 S.-2.013/09 HABERES PREVISIONALES Y TRIBUTO A LA RENTA FINANCIERA. MOCIÓN DE PREFERENCIA
2010-06-30_r13_ORDINARIA.pdf,22,completed,22 S.-3.388/09,22 S.-3.388/09 S.-1.092/10 BENEFICIOS
2010-08-11_r15_ORDINARIA.pdf,1,completed,1,1 IZAMIENTO DE LA BANDERA NACIONAL
2010-08-11_r15_ORDINARIA.pdf,2,recovered,,2 HOMENAJE AL GENERAL JOSÉ DE SAN MARTÍN
2010-08-11_r15_ORDINARIA.pdf,3,completed,3,3 ASUNTOS ENTRADOS. MENSAJES SOLICITANDO ACUERDO
2010-08-11_r15_ORDINARIA.pdf,4,completed,4,4 MOCION DE PREFERENCIA
2010-08-11_r15_ORDINARIA.pdf,5,completed,5,5 MOCION DE PREFERENCIA
2010-08-11_r15_ORDINARIA.pdf,6,completed,6,6 PLAN DE LABOR
2010-08-11_r15_ORDINARIA.pdf,7,completed,7,7 CONSIDERACIÓN EN CONJUNTO DE ÓRDENES DEL DÍA
2010-08-11_r15_ORDINARIA.pdf,8,completed,8,8 O.D. N° 571
2010-08-11_r15_ORDINARIA.pdf,16,recovered,,16 S-2363/10: CONSTITUCIÓN DE LA COMISIÓN DE MEDIO AMBIENTE Y DESARROLLO SUSTENTABLE DEL H. SENADO EN LA CIUDAD DE CÓRDOBA
2010-08-25_r16_ORDINARIA.pdf,20,recovered,,20 O.D. N° 726/10 MODIFICACIÓN DE LA LEY DE CONTRATO DE TRABAJO
2010-08-25_r16_ORDINARIA.pdf,22,completed,22 S.-159/10,22 S.-159/10 S.-885/10 CREACIÓN DEL REGISTRO NACIONAL DE DEUDORES ALIMENTARIOS EN MORA
2010-08-25_r16_ORDINARIA.pdf,25,completed,25 S.-2767/10,25 S.-2767/10 PROGRAMA NACIONAL DE PREVENCIÓN Y CONTROL DEL COMERCIO ILEGAL DE PRODUCTOS ELABORADOS CON TABACO
2010-08-25_r16_ORDINARIA.pdf,26,completed,26 S.-2557/10,26 S.-2557/10 PUBLICACIÓN DE LAS OBRAS COMPLETAS DE JUAN BAUTISTA ALBERDI
2010-09-29_r18_ORDINARIA.pdf,14,completed,14 S.-579/10,14 S.-579/10 LIBRE ACCESO A LA INFORMACIÓN PÚBLICA
2010-10-13_r19_ORDINARIA.pdf,9,recovered,,9 S.-272/09 USO EFICIENTE DE LA ENERGÍA
2010-11-03_r21_ORDINARIA.pdf,7,completed,7,7 MANIFESTACIONES
2010-11-24_r23_ORDINARIA.pdf,5,recovered,,5 CUESTIÓN DE PRIVILEGIO
2010-11-24_r23_ORDINARIA.pdf,8,completed,8 O.D. 727/10,8 O.D. 727/10 REGLAMENTACIÓN DECRETOS DE NECESIDAD Y URGENCIA
2011-02-28_r01_PREPARATORIA.pdf,2,completed,2,2 CONVOCATORIA A SESIÓN PREPARATORIA
2011-02-28_r01_PREPARATORIA.pdf,3,completed,3,3 DÍAS Y HORA DE SESIÓN
2011-02-28_r01_PREPARATORIA.pdf,4,completed,4,4 RATIFICACIÓN DE AUTORIDADES DE LA CÁMARA
2011-03-01_r00_ASAMBLEA.pdf,4,completed,4,4 MENSAJE DE LA SEÑORA PRESIDENTA DE LA NACIÓN
2011-03-30_r03_ORDINARIA.pdf,3,completed,3 ACUERDO,"3 ACUERDO P.E.-166/10 VOCAL DE LA CAMARA NACIONAL DE APELACIONES DEL TRABAJO DE LA CAPITAL FEDERAL, SALA I"
2011-03-30_r03_ORDINARIA.pdf,4,completed,4,4 CUESTION DE PRIVILEGIO
2011-03-30_r03_ORDINARIA.pdf,29,recovered,,29 O.D. N° 1.115/10 MONEDA CONMEMORATIVA DEL BICENTENARIO
2011-03-30_r03_ORDINARIA.pdf,33,recovered,,33 S.-4428/10 CORREDOR MARÍTIMO AUSTRAL ENTRE TIERRA DEL FUEGO Y SANTA CRUZ. CONTINUACIÓN
2011-03-30_r03_ORDINARIA.pdf,43,completed,43,43 ASUNTOS RESERVADOS EN MESA
2011-04-13_r04_ORDINARIA.pdf,15,completed,15 S.-425/10,15 S.-425/10 CREACIÓN DE UNA CÁMARA DE APELACIONES FEDERAL EN JUJUY. MOCIÓN DE PREFERENCIA.
2011-04-13_r04_ORDINARIA.pdf,19,completed,19 S.-559/11,19 S.-559/11 CREACIÓN DEL JUZGADO FEDERAL DE POSADAS.
2011-04-13_r04_ORDINARIA.pdf,20,completed,20 S.-669/11,20 S.-669/11 SEÑAL INFANTIL PAKAPAKA.
2011-04-13_r04_ORDINARIA.pdf,32,recovered,,32 O.D. Nº 1.337 RESTITUCIÓN A LA PROVINCIA DE SAN JUAN DE UNA BANDERA CIUDADANA
2011-04-13_r04_ORDINARIA.pdf,43,recovered,,43 S.-743/11 REPUDIO A LA VIOLENCIA GREMIAL ACAECIDA EN SANTA CRUZ
2011-04-13_r04_ORDINARIA.pdf,44,recovered,,44 CONSIDERACIÓN EN CONJUNTO DE PROYECTOS SOBRE TABLAS
2011-05-04_r05_ORDINARIA.pdf,28,recovered,,28 C.D.-23/11 RÉGIMEN ESPECIAL DE CONTRATO DE TRABAJO PARA PERSONAL DE CASAS PARTICULARES
2011-06-01_r07_ORDINARIA.pdf,2,recovered,,2 HOMENAJE AL ANIVERSARIO DE LA PROVINCIA DE TIERRA DEL FUEGO
2011-06-01_r07_ORDINARIA.pdf,4,recovered,,4 PLAN DE LABOR
2011-06-01_r07_ORDINARIA.pdf,9,recovered,,9 S.- 1006/10 y CD.- 23/11 RÉGIMEN PREVISIONAL PARA TRABAJADORES AGRARIOS – PERSONAL DE CASAS PARTICULARES. MOCIÓN DE PREFERENCIA
2011-06-01_r07_ORDINARIA.pdf,12,recovered,,"12 PE.- 383/09, O.D.- 364/11 y O.D.- 345/11 BANCO DEL SUR. TRANSFERENCIAS BANCARIAS. CHEQUE CANCELATORIO. MOCIONES DE PREFERENCIA"
2011-06-01_r07_ORDINARIA.pdf,13,completed,13 ASIGNACIÓN UNIVERSAL POR HIJO. EQUIPARACIÓN.,13 ASIGNACIÓN UNIVERSAL POR HIJO. EQUIPARACIÓN. MOCIÓN DE PREFERENCIA
2011-06-01_r07_ORDINARIA.pdf,15,completed,15 C.D.- 403/10,15 C.D.- 403/10 SUBDISTRIBUIDORES DE GAS. MOCIÓN DE PREFERENCIA
2011-06-01_r07_ORDINARIA.pdf,22,completed,22,22 S.- 3.441/10 PROTECCIÓN INTEGRAL PARA LAS PERSONAS TRASPLANTADAS
2011-06-29_r08_ORDINARIA.pdf,18,completed,18,18 TRATAMIENTO EN CONJUNTO DE ÓRDENES DEL DÍA CON PROYECTOS DE LEY
2011-07-27_r09_ORDINARIA.pdf,5,recovered,,5 HOMENAJE AL SEÑOR FACUNDO CABRAL
2011-07-27_r09_ORDINARIA.pdf,17,completed,17 O.D. 505/11,17 O.D. 505/11 RÉGIMEN PREVISIONAL PARA TRABAJADORES RURALES
2011-07-27_r09_ORDINARIA.pdf,18,completed,18 C.D.- 46/11,18 C.D.- 46/11 RÉGIMEN DE PROMOCIÓN DE LA INDUSTRIA DEL SOFTWARE Y SERVICIOS INFORMÁTICOS
2011-07-27_r09_ORDINARIA.pdf,26,recovered,,26 S.- 227/11 ESTABLECIMIENTO COMO FERIADO EXTRAORDINARIO EL 27 DE FEBRERO DE 2012
2011-08-31_r10_ORDINARIA.pdf,4,recovered,,4 BOLETA ÚNICA. MOCIÓN DE TRATAMIENTO SOBRE TABLAS
2011-08-31_r10_ORDINARIA.pdf,22,recovered,,22 S.-706/10 y otros
2011-11-02_r12_ORDINARIA.pdf,6,recovered,,6 ASUNTOS ENTRADOS
2011-11-02_r12_ORDINARIA.pdf,26,completed,26 O.D. N°,26 O.D. N° 523 /11 INCORPORACIÓN DE LA VACUNA BCG AL PLAN MÉDICO OBLIGATORIO
2011-11-02_r12_ORDINARIA.pdf,34,recovered,,34 O.D. N° 263/11 PROTECCIÓN A LA VÍCTIMA
2011-12-14_r15_EXTRAORDINARIA.pdf,11,recovered,,11 C.D.- 58/11 AUTORIZACIÓN A LA SEÑORA PRESIDENTA PARA AUSENTARSE DEL PAÍS DURANTE 2012
2011-12-22_r17_EXTRAORDINARIA.pdf,3,recovered,,"3 O.D. N° 920/11 PROTECCIÓN AL DOMINIO NACIONAL SOBRE LA PROPIEDAD, POSESIÓN O TENENCIA DE LAS TIERRAS RURALES Sr Prosecretario"
2012-03-21_r03_ORDINARIA.pdf,7,completed,7 O.D.-16/12,7 O.D.-16/12 RATIFICACIÓN DE LA TRANSFERENCIA DE LOS SERVICIOS DE TRANSPORTE A LA CABA
2012-05-09_r05_ORDINARIA.pdf,3,recovered,,3 HOMENAJE AL FILÓSOFO E HISTORIADOR ARTURO ANDRÉS ROIG
2012-05-09_r05_ORDINARIA.pdf,15,completed,15,15 TRATAMIENTO EN CONJUNTO DE PROYECTOS SOBRE TABLAS
2012-05-16_r06_ORDINARIA.pdf,6,recovered,,6 CUESTIÓN DE PRIVILEGIO
2012-05-16_r06_ORDINARIA.pdf,8,recovered,,8 S.- 2444/11 MINERÍA A CIELO ABIERTO. MOCIÓN DE PREFERENCIA
2012-05-16_r06_ORDINARIA.pdf,10,recovered,,10 S.- 2444/11 MINERÍA A CIELO ABIERTO. MOCION DE PREFERENCIA (Continuación)
2012-05-16_r06_ORDINARIA.pdf,17,completed,17 ACUERDO,17 ACUERDO P.E.- 22/12 EMBAJADOR EXTRAORDINARIO Y PLENIPOTENCIARIO
2012-05-16_r06_ORDINARIA.pdf,18,recovered,,"18 ACUERDO P.E.-260/11 FISCAL ANTE EL JUZGADO FEDERAL DE PRIMERA INSTANCIA DE RAFAELA, SANTA FE"
2012-05-16_r06_ORDINARIA.pdf,20,recovered,,20 O.D. N° 69/12 CREACIÓN DEL PROGRAMA SEGUIMIENTO DE RECIÉN NACIDOS DE ALTO RIESGO
2012-05-30_r07_ORDINARIA.pdf,1,recovered,,1 IZAMIENTO DE LA BANDERA NACIONAL
2012-05-30_r07_ORDINARIA.pdf,4,recovered,,"4 S.-1.491/12 REINAUGURACIÓN DEL CINE TEATRO RENZI, SANTIAGO DEL ESTERO"
2012-07-04_r10_ORDINARIA.pdf,8,recovered,,"8 O. D. Nº 636/12 CREACIÓN DE LA COMISIÓN BICAMERAL PARA LA REFORMA, ACTUALIZACIÓN Y UNIFICACIÓN DE LOS CÓDIGOS CIVIL Y COMERCIAL DE LA NACIÓN"
2012-07-04_r10_ORDINARIA.pdf,13,recovered,,13 S.-2331/11 Y OTROS SISTEMA NACIONAL DE CUIDADOS PALIATIVOS
2012-07-11_r11_ORDINARIA.pdf,14,completed,14 S.- 2.973/11,14 S.- 2.973/11 CAPITAL NACIONAL DE LA VIGILIA POR LA GLORIOSA GESTA DE MALVINAS
2012-07-11_r11_ORDINARIA.pdf,15,recovered,,15 C.D.-23/12 DECLARACIÓN DE CATAMARCA COMO CAPITAL NACIONAL DEL PONCHO
2012-07-11_r11_ORDINARIA.pdf,17,completed,17 S.-1.806/12,17 S.-1.806/12 CONSTITUCIÓN DE LA COMISIÓN DE DERECHOS Y GARANTÍAS EN LA PROVINCIA DE CORRIENTES
2012-08-15_r12_ORDINARIA.pdf,4,recovered,,4 MANIFESTACIONES
2012-08-15_r12_ORDINARIA.pdf,12,recovered,,12 PLAN DE LABOR
2012-08-15_r12_ORDINARIA.pdf,13,recovered,,13 ACUERDO O.D. N° 812/12. PROCURADOR GENERAL DE LA NACIÓN
2012-08-15_r12_ORDINARIA.pdf,20,recovered,,20 S.– 1.397/12 CESIÓN DE INMUEBLES RURALES Y CREACIÓN DE LA RESERVA NACIONAL PIZARRO
2012-09-05_r14_ORDINARIA.pdf,1,recovered,,1 IZAMIENTO DE LA BANDERA NACIONAL
2012-09-05_r14_ORDINARIA.pdf,2,recovered,,2 ASUNTOS ENTRADOS
2012-09-05_r14_ORDINARIA.pdf,3,recovered,,3 PLAN DE LABOR
2012-09-05_r14_ORDINARIA.pdf,4,recovered,,4 ACUERDO O.D. Nº 900/12 EMBAJADOR EXTRAORDINARIO Y PLENIPOTENCIARIO
2012-09-05_r14_ORDINARIA.pdf,6,recovered,,6 O.D. Nº 725/12 PRÓRROGA DEL PROGRAMA NACIONAL DE ENTREGA VOLUNTARIA DE ARMAS DE FUEGO
2012-09-05_r14_ORDINARIA.pdf,8,recovered,,8 O.D. Nº 894/12 NORMAS DEL CÓDIGO ADUANERO DEL MERCOSUR
2012-09-05_r14_ORDINARIA.pdf,9,recovered,,9 TRATAMIENTO EN CONJUNTO DE DICTÁMENES DE LA COMISIÓN DE RELACIONES EXTERIORES Y CULTO
2012-09-05_r14_ORDINARIA.pdf,11,recovered,,11 O.D. Nº 842/12 CREACIÓN DEL REGISTRO NACIONAL “NO LLAME”
2012-09-05_r14_ORDINARIA.pdf,12,recovered,,12 LICENCIAS
2012-09-05_r14_ORDINARIA.pdf,13,recovered,,13 CD.- 50/12 FERIADO NACIONAL POR BICENTENARIO DE LA BATALLA DE TUCUMÁN
2012-09-05_r14_ORDINARIA.pdf,14,recovered,,14 S.-2708/12 DÍA INTERNACIONAL DE LA PAZ
2012-09-05_r14_ORDINARIA.pdf,15,recovered,,"15 S. -931/12 (O.D. Nº 843/12 N. I.) DÍA DE LA CIENCIA, LA TECNOLOGÍA Y LA INNOVACIÓN"
2012-09-05_r14_ORDINARIA.pdf,16,recovered,,16 S.-2.986/12 INCORPORACIÓN DE LA PROVINCIA DE JUJUY EN EL CORREDOR FEDERAL NORTE DE AEROLÍNEAS ARGENTINAS
2012-09-05_r14_ORDINARIA.pdf,17,recovered,,17 S.-843/12 DECLARACIÓN DE INMUEBLE DE UTILIDAD PÚBLICA Y SUJETO A EXPROPIACIÓN
2012-09-05_r14_ORDINARIA.pdf,18,recovered,,18 S.-488/12 INCORPORACIÓN DEL LINFEDEMA COMO ENFERMEDAD AL PROGRAMA MEDICO OBLIGATORIO. MOCIÓN DE PREFERENCIA
2012-09-05_r14_ORDINARIA.pdf,19,recovered,,19 CONSIDERACIÓN EN CONJUNTO DE PROYECTOS SOBRE TABLAS
2012-09-12_r15_ORDINARIA.pdf,1,recovered,,1 IZAMIENTO DE LA BANDERA NACIONAL
2012-09-12_r15_ORDINARIA.pdf,2,recovered,,2 ASUNTOS ENTRADOS
2012-09-12_r15_ORDINARIA.pdf,4,recovered,,4 PLAN DE LABOR
2012-09-12_r15_ORDINARIA.pdf,6,recovered,,6 EXPROPIACIÓN CONFITERÍA DEL MOLINO. MOCIÓN DE PREFERENCIA
2012-09-12_r15_ORDINARIA.pdf,8,recovered,,8 CUESTIÓN DE PRIVILEGIO
2012-09-12_r15_ORDINARIA.pdf,10,recovered,,10 ASISTENCIA A LA CAJA DE JUBILACIONES DE CÓRDOBA. MOCIÓN DE PREFERENCIA
2012-09-12_r15_ORDINARIA.pdf,11,recovered,,11 CUESTIÓN DE PRIVILEGIO
2012-09-12_r15_ORDINARIA.pdf,12,recovered,,12 ASISTENCIA A LA CAJA DE JUBILACIONES DE CÓRDOBA. MOCIÓN DE RECONSIDERACIÓN
2012-09-12_r15_ORDINARIA.pdf,13,recovered,,13 DESAGRADO ANTE LA PUBLICACIÓN DE LA REVISTA NOTICIAS
2012-09-12_r15_ORDINARIA.pdf,14,recovered,,14 CONFLICTO EN LA PROVINCIA DE SANTA CRUZ
2012-09-12_r15_ORDINARIA.pdf,15,recovered,,15 PREOCUPACIÓN POR HECHOS OCURRIDOS EN FORMOSA
2012-09-12_r15_ORDINARIA.pdf,16,recovered,,16 MODIFICACIÓN DEL IMPUESTO A LAS GANANCIAS. MOCIÓN DE PREFERENCIA
2012-09-12_r15_ORDINARIA.pdf,17,recovered,,17 O.D. Nº 847/12 MODIFICACIÓN
2012-09-12_r15_ORDINARIA.pdf,18,recovered,,18 O.D. Nº 925/12 RÉGIMEN FEDERAL DE EMPLEO PROTEGIDO PARA PERSONAS CON DISCAPACIDAD
2012-09-12_r15_ORDINARIA.pdf,19,recovered,,19 O.D. Nº 903/12 Y ANEXO DEPÓSITOS
2012-09-12_r15_ORDINARIA.pdf,21,recovered,,21 S.- 3.119/12 Y S.-3.161/12 REPUDIO DEL ASESINATO DE LUIS CONDORÍ
2012-09-12_r15_ORDINARIA.pdf,22,recovered,,22 S.-205/11 Y OTROS INCLUSIÓN DE LA FIGURA DEL FEMICIDIO EN EL CÓDIGO PENAL. MOCIÓN DE PREFERENCIA
2012-09-12_r15_ORDINARIA.pdf,23,recovered,,23 APÉNDICE
2012-10-03_r16_ORDINARIA.pdf,1,recovered,,1 IZAMIENTO DE LA BANDERA NACIONAL
2012-10-03_r16_ORDINARIA.pdf,2,recovered,,2 HOMENAJES AL SENADOR (M.C.) ALCIDES LÓPEZ Y AL CINEASTA OCTAVIO GETINO
2012-10-03_r16_ORDINARIA.pdf,3,recovered,,3 CUESTIÓN DE PRIVILEGIO
2012-10-03_r16_ORDINARIA.pdf,4,recovered,,4 CONSTITUCIÓN DE LA COMISIÓN DE SEGUIMIENTO DE LA LEY DE SERVICIOS DE COMUNICACIÓN AUDIOVISUAL
2012-10-03_r16_ORDINARIA.pdf,5,recovered,,5 ASUNTOS ENTRADOS. MENSAJE SOLICITANDO ACUERDO
2012-10-03_r16_ORDINARIA.pdf,6,recovered,,6 S.-3.338/12 DESTINO DE UN PREDIO EN SANTIAGO DEL ESTERO. MOCIÓN DE PREFERENCIA
2012-10-03_r16_ORDINARIA.pdf,7,recovered,,7 C.D.-28/12 FERTILIZACIÓN ASISTIDA
2012-10-03_r16_ORDINARIA.pdf,8,recovered,,8 S.-3.516/12 CONVOCATORIA A LA MINISTRA DE SEGURIDAD. MOCIÓN DE PREFERENCIA
2012-10-03_r16_ORDINARIA.pdf,9,recovered,,9 CONSIDERACIÓN EN CONJUNTO DE DICTÁMENES DE LA COMISIÓN DE ACUERDOS
2012-10-03_r16_ORDINARIA.pdf,11,recovered,,11 O.D. Nº 1019/12: JUEZ NACIONAL DE PRIMERA INSTANCIA EN LO CRIMINAL Y CORRECCIONAL FEDERAL Nº 8 DE LA CAPITAL FEDERAL
2012-10-03_r16_ORDINARIA.pdf,13,recovered,,13 O.D. Nº 1021/12: JUEZ NACIONAL DE PRIMERA INSTANCIA EN LO CRIMINAL Y CORRECCIONAL FEDERAL Nº 2 DE LA CAPITAL FEDERAL
2012-10-03_r16_ORDINARIA.pdf,15,recovered,,15 O.D. Nº 1020/12: JUEZ NACIONAL DE PRIMERA INSTANCIA EN LO CRIMINAL Y CORRECCIONAL FEDERAL Nº 9 DE LA CAPITAL FEDERAL
2012-10-03_r16_ORDINARIA.pdf,17,recovered,,17 O.D. Nº 1022/12: JUEZ NACIONAL DE PRIMERA INSTANCIA EN LO CRIMINAL Y CORRECCIONAL FEDERAL Nº 7 DE LA CAPITAL FEDERAL
2012-10-03_r16_ORDINARIA.pdf,19,recovered,,19 CONSIDERACIÓN EN CONJUNTO DE ÓRDENES DEL DÍA
2012-10-03_r16_ORDINARIA.pdf,20,recovered,,20 O.D. Nº 1.041/12 Y ANEXO REPARACIÓN DE LOS DAÑOS DERIVADOS DE LOS ACCIDENTES DE TRABAJO Y ENFERMEDADES PROFESIONALES
2012-10-03_r16_ORDINARIA.pdf,23,recovered,,23 O.D. Nº 983/12 MODIFICACIÓN DEL CÓDIGO PENAL. INCORPORACIÓN DE LA FIGURA DEL DELITO DE FEMICIDIO
2012-11-14_r20_ORDINARIA.pdf,12,recovered,,"12 S.-55/12 CREACIÓN DE UN JUZGADO DE PRIMERA INSTANCIA EN VENADO TUERTO, PROVINCIA DE SANTA FE C.D.-98/12 COMPETENCIA E INTEGRACIÓN DEL JUZGADO FEDERAL DE PRIMERA INSTANCIA EN LA CIUDAD DE OBERÁ, PROVINCIA DE MISIONES C.D.-66/12 CREACIÓN DE UN JUZGADO FEDERAL DE PRIMERA INSTANCIA EN LA CIUDAD DE PEHUAJÓ, PROVINCIA DE BUENOS AIRES"
2012-11-29_r22_ORDINARIA.pdf,4,recovered,,4 O.D. Nº 1.351 REGULACIÓN DE OBJETOS NEGOCIABLES DENTRO DEL MERCADO DE CAPITALES SUJETOS A CONTROL DE LA COMISIÓN NACIONAL DE VALORES
2013-03-20_r03_ORDINARIA.pdf,27,recovered,,27 APÉNDICE
2013-04-24_r06_ORDINARIA.pdf,22,completed,22,22 APÉNDICE
2013-06-05_r09_ORDINARIA.pdf,6,recovered,,6 CONSIDERACIÓN EN CONJUNTO DE EXPEDIENTES RESERVADOS EN MESA
2013-07-31_r13_ESPECIAL.pdf,11,completed,11 S.-2.902/13,11 S.-2.902/13 INTERPELACIÓN AL MINISTRO DE DEFENSA. MOCIÓN DE PREFERENCIA
2013-10-09_r16_ESPECIAL.pdf,11,completed,11,11 APÉNDICE
2016-03-30_r03_ESPECIAL.pdf,9,recovered,,9 CONVOCATORIA A SESIÓN ESPECIAL
2016-05-18_r05_ESPECIAL.pdf,11,recovered,,11 ACTAS DE VOTACIÓN
2017-04-26_r05_ESPECIAL.pdf,14,recovered,,14 ACTAS DE VOTACIÓN
2018-02-28_r01_PREPARATORIA.pdf,8,recovered,,8 ACTA DE VOTACIÓN
2018-12-12_r19_EXTRAORDINARIA.pdf,14,recovered,,14 CONVOCATORIA A SESIÓN EXTRAORDINARIA
