session,seq,type,speaker,pdf,pages,as_recorded,as_the_page_reads
2003-06-25_r13,12,furniture,,2003-06-25_r13_ESPECIAL.pdf,2 3,D E C R E T A,DECRETA
2004-02-24_r43,9,furniture,,2004-02-24_r43_EXTRAORDINARIA.pdf,3,D E C R E T A,DECRETA
2004-04-28_r08,461,heading,,2004-04-28_r08_ORDINARIA.pdf,40,V o t a c i ó n N o m i n a l,VotaciónNominal
2004-04-28_r08,481,heading,,2004-04-28_r08_ORDINARIA.pdf,41,V o t a c i ó n N o m i n a l,VotaciónNominal
2004-06-02_r12,613,heading,,2004-06-02_r12_ORDINARIA.pdf,96,V o t a c i ó n N o m i n a l,VotaciónNominal
2004-06-02_r12,630,heading,,2004-06-02_r12_ORDINARIA.pdf,97,V o t a c i ó n N o m i n a l,VotaciónNominal
2004-06-02_r12,638,heading,,2004-06-02_r12_ORDINARIA.pdf,98,V o t a c i ó n N o m i n a l,VotaciónNominal
2004-06-02_r12,647,heading,,2004-06-02_r12_ORDINARIA.pdf,99,V o t a c i ó n N o m i n a l,VotaciónNominal
2004-06-02_r12,655,heading,,2004-06-02_r12_ORDINARIA.pdf,100,V o t a c i ó n N o m i n a l,VotaciónNominal
2004-06-02_r12,664,heading,,2004-06-02_r12_ORDINARIA.pdf,101,V o t a c i ó n N o m i n a l,VotaciónNominal
2004-06-09_r13,195,heading,,2004-06-09_r13_ORDINARIA.pdf,36,V o t a c i ó n N o m i n a l,VotaciónNominal
2004-06-09_r13,204,heading,,2004-06-09_r13_ORDINARIA.pdf,37,V o t a c i ó n N o m i n a l,VotaciónNominal
2004-06-09_r13,212,heading,,2004-06-09_r13_ORDINARIA.pdf,38,V o t a c i ó n N o m i n a l,VotaciónNominal
2004-06-09_r13,221,heading,,2004-06-09_r13_ORDINARIA.pdf,39,V o t a c i ó n N o m i n a l,VotaciónNominal
2004-07-07_r16,1290,heading,,2004-07-07_r16_ORDINARIA.pdf,183,V o t a c i ó n N o m i n a l,VotaciónNominal
2004-07-07_r16,1300,heading,,2004-07-07_r16_ORDINARIA.pdf,184,V o t a c i ó n N o m i n a l,VotaciónNominal
2004-08-25_r21,1039,heading,,2004-08-25_r21_ORDINARIA.pdf,95,V o t a c i ó n N o m i n a l,VotaciónNominal
2004-08-25_r21,1050,heading,,2004-08-25_r21_ORDINARIA.pdf,96,V o t a c i ó n N o m i n a l,VotaciónNominal
2004-08-25_r21,1197,heading,,2004-08-25_r21_ORDINARIA.pdf,115,V o t a c i ó n N o m i n a l,VotaciónNominal
2004-08-25_r21,1208,heading,,2004-08-25_r21_ORDINARIA.pdf,116,V o t a c i ó n N o m i n a l,VotaciónNominal
2004-09-01_r23,461,heading,,2004-09-01_r23_ORDINARIA.pdf,38,V o t a c i ó n N o m i n a l,VotaciónNominal
2004-09-01_r23,470,heading,,2004-09-01_r23_ORDINARIA.pdf,39,V o t a c i ó n N o m i n a l,VotaciónNominal
2004-12-01_r35,1180,furniture,,2004-12-01_r35_ORDINARIA.pdf,114,V o t a c i ó n N o m i n a l,VotaciónNominal
2004-12-01_r35,1189,furniture,,2004-12-01_r35_ORDINARIA.pdf,115,V o t a c i ó n N o m i n a l,VotaciónNominal
2005-04-20_r09,168,heading,,2005-04-20_r09_ORDINARIA.pdf,30,V o t a c i ó n N o m i n a l,VotaciónNominal
2005-04-20_r09,178,heading,,2005-04-20_r09_ORDINARIA.pdf,31,V o t a c i ó n N o m i n a l,VotaciónNominal
2005-04-20_r09,187,heading,,2005-04-20_r09_ORDINARIA.pdf,32,V o t a c i ó n N o m i n a l,VotaciónNominal
2005-04-20_r09,196,heading,,2005-04-20_r09_ORDINARIA.pdf,33,V o t a c i ó n N o m i n a l,VotaciónNominal
2005-05-11_r13,275,heading,,2005-05-11_r13_ORDINARIA.pdf,32,V o t a c i ó n N o m i n a l,VotaciónNominal
2005-05-11_r13,284,heading,,2005-05-11_r13_ORDINARIA.pdf,33,V o t a c i ó n N o m i n a l,VotaciónNominal
2005-06-01_r15,734,heading,,2005-06-01_r15_ORDINARIA.pdf,79,V o t a c i ó n N o m i n a l,VotaciónNominal
2005-06-01_r15,744,heading,,2005-06-01_r15_ORDINARIA.pdf,80,V o t a c i ó n N o m i n a l,VotaciónNominal
2005-08-10_r23,59,heading,,2005-08-10_r23_TRIBUNAL_DE_JUICIO_POLITICO.pdf,15,V o t a c i ó n N o m i n a l,VotaciónNominal
2005-08-10_r23,76,heading,,2005-08-10_r23_TRIBUNAL_DE_JUICIO_POLITICO.pdf,16,V o t a c i ó n N o m i n a l,VotaciónNominal
2005-08-10_r23,84,heading,,2005-08-10_r23_TRIBUNAL_DE_JUICIO_POLITICO.pdf,17,V o t a c i ó n N o m i n a l,VotaciónNominal
2005-08-10_r23,96,heading,,2005-08-10_r23_TRIBUNAL_DE_JUICIO_POLITICO.pdf,18,V o t a c i ó n N o m i n a l,VotaciónNominal
2005-08-25_r26,43,heading,,2005-08-25_r26_TRIBUNAL_DE_JUICIO_POLITICO.pdf,5,V o t a c i ó n N o m i n a l,VotaciónNominal
2005-08-25_r26,52,heading,,2005-08-25_r26_TRIBUNAL_DE_JUICIO_POLITICO.pdf,6,V o t a c i ó n N o m i n a l,VotaciónNominal
2005-11-30_r40,897,heading,,2005-11-30_r40_ORDINARIA.pdf,79,V o t a c i ó n N o m i n a l,VotaciónNominal
2005-11-30_r40,908,heading,,2005-11-30_r40_ORDINARIA.pdf,80,V o t a c i ó n N o m i n a l,VotaciónNominal
2006-03-08_r02,178,heading,,2006-03-08_r02_ORDINARIA.pdf,47,V o t a c i ó n N o m i n a l,VotaciónNominal
2006-03-08_r02,186,heading,,2006-03-08_r02_ORDINARIA.pdf,48,V o t a c i ó n N o m i n a l,VotaciónNominal
2006-03-08_r02,194,heading,,2006-03-08_r02_ORDINARIA.pdf,49,V o t a c i ó n N o m i n a l,VotaciónNominal
2006-03-08_r02,202,heading,,2006-03-08_r02_ORDINARIA.pdf,50,V o t a c i ó n N o m i n a l,VotaciónNominal
2006-03-22_r04,190,heading,,2006-03-22_r04_ORDINARIA.pdf,27,V o t a c i ó n N o m i n a l,VotaciónNominal
2006-03-22_r04,206,heading,,2006-03-22_r04_ORDINARIA.pdf,28,V o t a c i ó n N o m i n a l,VotaciónNominal
2006-07-06_r15,138,speech,Sra. Fernández de Kirchner,2006-07-06_r15_ORDINARIA.pdf,90 91 92 93 94 95 96,E l s i s t e m a,Elsistema
2006-07-12_r16,204,heading,,2006-07-12_r16_ORDINARIA.pdf,108,V o t a c i ó n N o m i n a l,VotaciónNominal
2006-07-12_r16,224,heading,,2006-07-12_r16_ORDINARIA.pdf,109,V o t a c i ó n N o m i n a l,VotaciónNominal
2006-07-12_r16,232,heading,,2006-07-12_r16_ORDINARIA.pdf,110,V o t a c i ó n N o m i n a l,VotaciónNominal
2006-07-12_r16,240,heading,,2006-07-12_r16_ORDINARIA.pdf,111,V o t a c i ó n N o m i n a l,VotaciónNominal
2006-10-11_r25,280,heading,,2006-10-11_r25_ORDINARIA.pdf,65,V o t a c i ó n N o m i n a l,VotaciónNominal
2006-10-11_r25,303,heading,,2006-10-11_r25_ORDINARIA.pdf,66,V o t a c i ó n N o m i n a l,VotaciónNominal
2006-10-11_r25,311,heading,,2006-10-11_r25_ORDINARIA.pdf,67,V o t a c i ó n N o m i n a l,VotaciónNominal
2006-10-11_r25,319,heading,,2006-10-11_r25_ORDINARIA.pdf,68,V o t a c i ó n N o m i n a l,VotaciónNominal
2006-11-08_r27,90,speech,Sr. Pichetto,2006-11-08_r27_ESPECIAL.pdf,39 40 41 42 43 44 45,N o s o t r o s h a b í a m o s,Nosotroshabíamos
2006-11-29_r29,589,heading,,2006-11-29_r29_ORDINARIA.pdf,141,V o t a c i ó n N o m i n a l,VotaciónNominal
2006-11-29_r29,600,heading,,2006-11-29_r29_ORDINARIA.pdf,142,V o t a c i ó n N o m i n a l,VotaciónNominal
2007-03-28_r03,311,heading,,2007-03-28_r03_ORDINARIA.pdf,46,D e c r e t o,Decreto
2007-04-11_r04,177,heading,,2007-04-11_r04_ORDINARIA.pdf,37,V o t a c i ó n N o m i n a l,VotaciónNominal
2007-04-11_r04,187,heading,,2007-04-11_r04_ORDINARIA.pdf,38,V o t a c i ó n N o m i n a l,VotaciónNominal
2007-04-11_r04,196,heading,,2007-04-11_r04_ORDINARIA.pdf,39,V o t a c i ó n N o m i n a l,VotaciónNominal
2007-04-11_r04,205,heading,,2007-04-11_r04_ORDINARIA.pdf,40,V o t a c i ó n N o m i n a l,VotaciónNominal
2007-05-02_r06,165,heading,,2007-05-02_r06_ORDINARIA.pdf,19,V o t a c i ó n N o m i n a l,VotaciónNominal
2007-05-02_r06,184,heading,,2007-05-02_r06_ORDINARIA.pdf,20,V o t a c i ó n N o m i n a l,VotaciónNominal
2007-06-06_r08,273,heading,,2007-06-06_r08_ORDINARIA.pdf,55,V o t a c i ó n N o m i n a l,VotaciónNominal
2007-06-06_r08,282,heading,,2007-06-06_r08_ORDINARIA.pdf,56,V o t a c i ó n N o m i n a l,VotaciónNominal
2007-06-06_r08,290,heading,,2007-06-06_r08_ORDINARIA.pdf,57,V o t a c i ó n N o m i n a l,VotaciónNominal
2007-06-06_r08,299,heading,,2007-06-06_r08_ORDINARIA.pdf,58,V o t a c i ó n N o m i n a l,VotaciónNominal
2007-06-27_r09,192,heading,,2007-06-27_r09_ORDINARIA.pdf,28,V o t a c i ó n N o m i n a l,VotaciónNominal
2007-06-27_r09,201,heading,,2007-06-27_r09_ORDINARIA.pdf,29,V o t a c i ó n N o m i n a l,VotaciónNominal
2007-06-27_r09,209,heading,,2007-06-27_r09_ORDINARIA.pdf,30,V o t a c i ó n N o m i n a l,VotaciónNominal
2007-06-27_r09,218,heading,,2007-06-27_r09_ORDINARIA.pdf,31,V o t a c i ó n N o m i n a l,VotaciónNominal
2007-08-22_r12,127,speech,Sr. Guinle,2007-08-22_r12_ORDINARIA.pdf,18,H e m o s a t e n d i d o l o s,Hemosatendidolos
2007-11-07_r13,252,furniture,,2007-11-07_r13_ORDINARIA.pdf,38,V o t a c i ó n N o m i n a l,VotaciónNominal
2007-11-07_r13,255,furniture,,2007-11-07_r13_ORDINARIA.pdf,38,D I C T A M E N E N L O S P R O Y E C T O S D E L E Y,DICTAMENENLOSPROYECTOSDELEY
2007-11-07_r13,255,furniture,,2007-11-07_r13_ORDINARIA.pdf,38,N D O L A C O N V E N C I Ó N S O B,NDOLACONVENCIÓNSOB
2007-11-07_r13,255,furniture,,2007-11-07_r13_ORDINARIA.pdf,38,L O S D E,LOSDE
2007-11-07_r13,255,furniture,,2007-11-07_r13_ORDINARIA.pdf,38,C H O S D E L A S P E R S O,CHOSDELASPERSO
2007-11-07_r13,255,furniture,,2007-11-07_r13_ORDINARIA.pdf,38,S C O N D I S C A P A C I D A D Y S U P R O T O C O L O F A C U L T A T I V O,SCONDISCAPACIDADYSUPROTOCOLOFACULTATIVO
2007-11-07_r13,255,furniture,,2007-11-07_r13_ORDINARIA.pdf,38,B A D O S M E D I A N T E R E,BADOSMEDIANTERE
2007-11-07_r13,255,furniture,,2007-11-07_r13_ORDINARIA.pdf,38,L U C I Ó N D E L A S N A C I O N E S U,LUCIÓNDELASNACIONESU
2007-11-07_r13,255,furniture,,2007-11-07_r13_ORDINARIA.pdf,38,D A S E L,DASEL
2007-11-07_r13,255,furniture,,2007-11-07_r13_ORDINARIA.pdf,38,D E D I C I E M B,DEDICIEMB
2007-11-07_r13,263,furniture,,2007-11-07_r13_ORDINARIA.pdf,39,V o t a c i ó n N o m i n a l,VotaciónNominal
2007-11-07_r13,266,furniture,,2007-11-07_r13_ORDINARIA.pdf,39,D I C T A M E N E N L O S P R O Y E C T O S D E L E Y,DICTAMENENLOSPROYECTOSDELEY
2007-11-07_r13,266,furniture,,2007-11-07_r13_ORDINARIA.pdf,39,N D O L A C O N V E N C I Ó N S O B,NDOLACONVENCIÓNSOB
2007-11-07_r13,266,furniture,,2007-11-07_r13_ORDINARIA.pdf,39,L O S D E,LOSDE
2007-11-07_r13,266,furniture,,2007-11-07_r13_ORDINARIA.pdf,39,C H O S D E L A S P E R S O,CHOSDELASPERSO
2007-11-07_r13,266,furniture,,2007-11-07_r13_ORDINARIA.pdf,39,S C O N D I S C A P A C I D A D Y S U P R O T O C O L O F A C U L T A T I V O,SCONDISCAPACIDADYSUPROTOCOLOFACULTATIVO
2007-11-07_r13,266,furniture,,2007-11-07_r13_ORDINARIA.pdf,39,B A D O S M E D I A N T E R E,BADOSMEDIANTERE
2007-11-07_r13,266,furniture,,2007-11-07_r13_ORDINARIA.pdf,39,L U C I Ó N D E L A S N A C I O N E S U,LUCIÓNDELASNACIONESU
2007-11-07_r13,266,furniture,,2007-11-07_r13_ORDINARIA.pdf,39,D A S E L,DASEL
2007-11-07_r13,266,furniture,,2007-11-07_r13_ORDINARIA.pdf,39,D E D I C I E M B,DEDICIEMB
2007-12-12_r20,520,heading,,2007-12-12_r20_ORDINARIA.pdf,106,V o t a c i ó n N o m i n a l,VotaciónNominal
2007-12-12_r20,547,heading,,2007-12-12_r20_ORDINARIA.pdf,107,V o t a c i ó n N o m i n a l,VotaciónNominal
2007-12-12_r20,574,heading,,2007-12-12_r20_ORDINARIA.pdf,110,V o t a c i ó n N o m i n a l,VotaciónNominal
2007-12-12_r20,583,heading,,2007-12-12_r20_ORDINARIA.pdf,111,V o t a c i ó n N o m i n a l,VotaciónNominal
2008-04-16_r05,268,heading,,2008-04-16_r05_ORDINARIA.pdf,38,C o n m e m o r a c i ó n d e l D í a,ConmemoracióndelDía
2008-05-14_r07,268,heading,,2008-05-14_r07_ORDINARIA.pdf,47,V o t a c i ó n N o m i n a l,VotaciónNominal
2008-05-14_r07,277,heading,,2008-05-14_r07_ORDINARIA.pdf,48,V o t a c i ó n N o m i n a l,VotaciónNominal
2008-05-14_r07,285,heading,,2008-05-14_r07_ORDINARIA.pdf,49,V o t a c i ó n N o m i n a l,VotaciónNominal
2008-05-14_r07,294,heading,,2008-05-14_r07_ORDINARIA.pdf,50,V o t a c i ó n N o m i n a l,VotaciónNominal
2008-07-16_r11,310,speech,Sra. Estenssoro,2008-07-16_r11_ORDINARIA.pdf,149 150 151 152,L a s o l u c i ó n l a,Lasoluciónla
2008-07-16_r11,467,heading,,2008-07-16_r11_ORDINARIA.pdf,199,V o t a c i ó n N o m i n a l,VotaciónNominal
2008-07-16_r11,476,heading,,2008-07-16_r11_ORDINARIA.pdf,200,V o t a c i ó n N o m i n a l,VotaciónNominal
2008-07-16_r11,484,heading,,2008-07-16_r11_ORDINARIA.pdf,201,V o t a c i ó n N o m i n a l,VotaciónNominal
2008-07-16_r11,499,heading,,2008-07-16_r11_ORDINARIA.pdf,202,V o t a c i ó n N o m i n a l,VotaciónNominal
2008-09-03_r14,358,heading,,2008-09-03_r14_ORDINARIA.pdf,144,V o t a c i ó n N o m i n a l,VotaciónNominal
2008-09-03_r14,374,heading,,2008-09-03_r14_ORDINARIA.pdf,145,V o t a c i ó n N o m i n a l,VotaciónNominal
2008-09-24_r16,154,heading,,2008-09-24_r16_ORDINARIA.pdf,15,V o t a c i ó n N o m i n a l,VotaciónNominal
2008-09-24_r16,163,heading,,2008-09-24_r16_ORDINARIA.pdf,16,V o t a c i ó n N o m i n a l,VotaciónNominal
2008-12-18_r24,31,speech,Sr. Ríos,2008-12-18_r24_ORDINARIA.pdf,6 7 8 9 10 11,H e m o s r e c u r r i d o a d o s,Hemosrecurridoados
2009-03-01_r00,72,speech,Sra. Presidenta de la Nación,2009-03-01_r00_ASAMBLEA.pdf,14,T e n e r c a l i d a d,Tenercalidad
2009-10-21_r14,554,heading,,2009-10-21_r14_ORDINARIA.pdf,93,V o t a c i ó n N o m i n a l,VotaciónNominal
2009-10-21_r14,561,heading,,2009-10-21_r14_ORDINARIA.pdf,93,V o t a c i ó n N o m i n a l,VotaciónNominal
2009-11-11_r16,325,speech,Sra. Negre de Alonso,2009-11-11_r16_ORDINARIA.pdf,97,E s o e s u n a t e r g i v e r s a c i ó n d e l,Esoesunatergiversacióndel
2009-11-11_r16,360,speech,Sr. Morales,2009-11-11_r16_ORDINARIA.pdf,120 121 122 123 124 125 126,A n t e s,Antes
2009-11-11_r16,360,speech,Sr. Morales,2009-11-11_r16_ORDINARIA.pdf,120 121 122 123 124 125 126,q u i e r o,quiero
2009-11-18_r17,778,heading,,2009-11-18_r17_ORDINARIA.pdf,123,V o t a c i ó n N o m i n a l,VotaciónNominal
2009-11-18_r17,780,furniture,,2009-11-18_r17_ORDINARIA.pdf,123,O R D E N D E L D Í A,ORDENDELDÍA
2009-11-18_r17,780,furniture,,2009-11-18_r17_ORDINARIA.pdf,123,D I C T A M E N E N E L,DICTAMENENEL
2009-11-18_r17,780,furniture,,2009-11-18_r17_ORDINARIA.pdf,123,O Y E C T O D E L E Y T R A N S,OYECTODELEYTRANS
2009-11-18_r17,780,furniture,,2009-11-18_r17_ORDINARIA.pdf,123,R I E N D O A T Í T U L O G R A T U I T O A L A E N T I D A D A G R U,RIENDOATÍTULOGRATUITOALAENTIDADAGRU
2009-11-18_r17,780,furniture,,2009-11-18_r17_ORDINARIA.pdf,123,D E J U L I O D E,DEJULIODE
2009-11-18_r17,780,furniture,,2009-11-18_r17_ORDINARIA.pdf,123,Y B I B L I O T E C A,YBIBLIOTECA
2009-11-18_r17,780,furniture,,2009-11-18_r17_ORDINARIA.pdf,123,L A R R O D O L F O D E D I E G O,LARRODOLFODEDIEGO
2009-11-18_r17,780,furniture,,2009-11-18_r17_ORDINARIA.pdf,123,U D A D D E,UDADDE
2009-11-18_r17,780,furniture,,2009-11-18_r17_ORDINARIA.pdf,123,O N A C I O N A L U B I C A D O E N L A M E N C I O N A D A L O C A L I D A D,ONACIONALUBICADOENLAMENCIONADALOCALIDAD
2009-11-18_r17,780,furniture,,2009-11-18_r17_ORDINARIA.pdf,123,O R D E N D E L D Í A,ORDENDELDÍA
2009-11-18_r17,780,furniture,,2009-11-18_r17_ORDINARIA.pdf,123,D I C T A M E N E N E L,DICTAMENENEL
2009-11-18_r17,780,furniture,,2009-11-18_r17_ORDINARIA.pdf,123,O Y E C T O D E L E Y T R A N S F I R I E N D O A T Í T U L O G R A T U I T O A L A M U N I C I P A L I D A D ,OYECTODELEYTRANSFIRIENDOATÍTULOGRATUITOALAMUNICIPALIDADDEQUEHUÉ
2009-11-18_r17,780,furniture,,2009-11-18_r17_ORDINARIA.pdf,123,P R O V I N C I A D E L A P A M,PROVINCIADELAPAM
2009-11-18_r17,780,furniture,,2009-11-18_r17_ORDINARIA.pdf,123,E L D O M I N I O S O B R E D I V E R S O S I N M U E B L E S Y T E R R E N O S O C I O S O S,ELDOMINIOSOBREDIVERSOSINMUEBLESYTERRENOSOCIOSOS
2009-11-18_r17,780,furniture,,2009-11-18_r17_ORDINARIA.pdf,123,E D A D D E L E S T A D O N A C I O N A L O R D E N D E L D Í A,EDADDELESTADONACIONALORDENDELDÍA
2009-11-18_r17,780,furniture,,2009-11-18_r17_ORDINARIA.pdf,123,D I C T A M E N E N E L,DICTAMENENEL
2009-11-18_r17,780,furniture,,2009-11-18_r17_ORDINARIA.pdf,123,O Y E C T O D E L E Y T R A N S F I R I E N D O A T Í T U L O G R A T U I T O A L A M U N I C I P A L I D A D ,OYECTODELEYTRANSFIRIENDOATÍTULOGRATUITOALAMUNICIPALIDADDEMAURICIOM
2009-11-18_r17,780,furniture,,2009-11-18_r17_ORDINARIA.pdf,123,L A P A M,LAPAM
2009-11-18_r17,780,furniture,,2009-11-18_r17_ORDINARIA.pdf,123,E D I O D E L A E S T A C I Ó N D E L E X F E R R O C A R R I L S A R M I E N T O,EDIODELAESTACIÓNDELEXFERROCARRILSARMIENTO
2009-11-18_r17,780,furniture,,2009-11-18_r17_ORDINARIA.pdf,123,E D A D D E L E S T A D O N A C I O N A L,EDADDELESTADONACIONAL
2009-11-18_r17,780,furniture,,2009-11-18_r17_ORDINARIA.pdf,123,U B I C A D O E N L A M E N C I O N A D A L O C A L I D A D O R D E N D E L D Í A,UBICADOENLAMENCIONADALOCALIDADORDENDELDÍA
2009-11-18_r17,780,furniture,,2009-11-18_r17_ORDINARIA.pdf,123,D I C T A M E N E N E L,DICTAMENENEL
2009-11-18_r17,780,furniture,,2009-11-18_r17_ORDINARIA.pdf,123,O Y E C T O D E L E Y T R A N S F I R I E N D O A T Í T U L O G R A T U I T O A L A M U N I C I P A L I D A D ,OYECTODELEYTRANSFIRIENDOATÍTULOGRATUITOALAMUNICIPALIDADDEGENERALSANMAR
2009-11-18_r17,780,furniture,,2009-11-18_r17_ORDINARIA.pdf,123,P R O V I N C I A D E L A P A M,PROVINCIADELAPAM
2009-11-18_r17,780,furniture,,2009-11-18_r17_ORDINARIA.pdf,123,E L D O M I N I O S O B R E D I V E R S O S I N M U E B L E S Y T E R R E N O S O C I O S O S,ELDOMINIOSOBREDIVERSOSINMUEBLESYTERRENOSOCIOSOS
2009-11-18_r17,780,furniture,,2009-11-18_r17_ORDINARIA.pdf,123,E D A D D E L E S T A D O N A C I O N A L O R D E N D E L D Í A,EDADDELESTADONACIONALORDENDELDÍA
2009-11-18_r17,780,furniture,,2009-11-18_r17_ORDINARIA.pdf,123,D I C T A M E N E N  E L,DICTAMENENEL
2009-11-18_r17,780,furniture,,2009-11-18_r17_ORDINARIA.pdf,123,O Y E C T O D E L E Y T R A N S F I R I E N D O A T Í T U L O G R A T U I T O A L A M U N I C I P A L I D A D ,OYECTODELEYTRANSFIRIENDOATÍTULOGRATUITOALAMUNICIPALIDADDEWINIFREDA
2009-11-18_r17,780,furniture,,2009-11-18_r17_ORDINARIA.pdf,123,D E P A R T A M E N T O D E C O N H E L O,DEPARTAMENTODECONHELO
2009-11-18_r17,780,furniture,,2009-11-18_r17_ORDINARIA.pdf,123,P R O V I N C I A D E L A P A M P A,PROVINCIADELAPAMPA
2009-11-18_r17,780,furniture,,2009-11-18_r17_ORDINARIA.pdf,123,E L D O M I N I O D E D I V E R S O S I N M U E B L E S Y T E R R,ELDOMINIODEDIVERSOSINMUEBLESYTERR
2009-11-18_r17,780,furniture,,2009-11-18_r17_ORDINARIA.pdf,123,E D A D D E L E S T A D O N A C I O N A L U B I C A D O S E N L A M E N C I O N A D A L O C A L I D A D,EDADDELESTADONACIONALUBICADOSENLAMENCIONADALOCALIDAD
2009-11-18_r17,780,furniture,,2009-11-18_r17_ORDINARIA.pdf,123,O R D E N D E L D Í A,ORDENDELDÍA
2009-11-18_r17,780,furniture,,2009-11-18_r17_ORDINARIA.pdf,123,D I C T A M E N E N  E L,DICTAMENENEL
2009-11-18_r17,780,furniture,,2009-11-18_r17_ORDINARIA.pdf,123,O Y E C T O D E L E Y T R A N S F I R I E N D O A T Í T U L O G R A T U I T O A L A P C I A,OYECTODELEYTRANSFIRIENDOATÍTULOGRATUITOALAPCIA
2009-11-18_r17,780,furniture,,2009-11-18_r17_ORDINARIA.pdf,123,R E R Í O S,RERÍOS
2009-11-18_r17,780,furniture,,2009-11-18_r17_ORDINARIA.pdf,123,O E N L A L,OENLAL
2009-11-18_r17,780,furniture,,2009-11-18_r17_ORDINARIA.pdf,123,A L I D A D D E P A R A N Á,ALIDADDEPARANÁ
2009-11-18_r17,780,furniture,,2009-11-18_r17_ORDINARIA.pdf,123,E A L A D I R E C C I Ó N N A C I O N A L D E V Í A S N A V E G A B L E S,EALADIRECCIÓNNACIONALDEVÍASNAVEGABLES
2009-11-18_r17,788,heading,,2009-11-18_r17_ORDINARIA.pdf,124,V o t a c i ó n N o m i n a l,VotaciónNominal
2009-11-18_r17,790,furniture,,2009-11-18_r17_ORDINARIA.pdf,124,O R D E N D E L D Í A,ORDENDELDÍA
2009-11-18_r17,790,furniture,,2009-11-18_r17_ORDINARIA.pdf,124,O R D E N D E L D Í A,ORDENDELDÍA
2009-11-18_r17,790,furniture,,2009-11-18_r17_ORDINARIA.pdf,124,O R D E N D E L D Í A,ORDENDELDÍA
2009-11-18_r17,790,furniture,,2009-11-18_r17_ORDINARIA.pdf,124,O R D E N D E L D Í A,ORDENDELDÍA
2009-11-18_r17,790,furniture,,2009-11-18_r17_ORDINARIA.pdf,124,O R D E N D E L D Í A,ORDENDELDÍA
2009-11-18_r17,790,furniture,,2009-11-18_r17_ORDINARIA.pdf,124,O R D E N D E L D Í A,ORDENDELDÍA
2010-06-30_r13,411,heading,,2010-06-30_r13_ORDINARIA.pdf,59,V o t a c i ó n N o m i n a l,VotaciónNominal
2010-06-30_r13,428,heading,,2010-06-30_r13_ORDINARIA.pdf,62,V o t a c i ó n N o m i n a l,VotaciónNominal
2010-06-30_r13,437,heading,,2010-06-30_r13_ORDINARIA.pdf,63,V o t a c i ó n N o m i n a l,VotaciónNominal
2010-07-14_r14,521,heading,,2010-07-14_r14_ORDINARIA.pdf,171,V o t a c i ó n N o m i n a l,VotaciónNominal
2010-07-14_r14,538,heading,,2010-07-14_r14_ORDINARIA.pdf,172,V o t a c i ó n N o m i n a l,VotaciónNominal
2010-07-14_r14,546,heading,,2010-07-14_r14_ORDINARIA.pdf,173,V o t a c i ó n N o m i n a l,VotaciónNominal
2010-07-14_r14,557,heading,,2010-07-14_r14_ORDINARIA.pdf,174,V o t a c i ó n N o m i n a l,VotaciónNominal
2010-12-22_r25,107,heading,,2010-12-22_r25_ESPECIAL.pdf,23,V o t a c i ó n N o m i n a l,VotaciónNominal
2010-12-22_r25,115,heading,,2010-12-22_r25_ESPECIAL.pdf,24,V o t a c i ó n N o m i n a l,VotaciónNominal
2013-04-18_r05,348,furniture,,2013-04-18_r05_ESPECIAL.pdf,97,V e r e l A p é n d i c e,VerelApéndice
2013-09-04_r14,219,furniture,,2013-09-04_r14_ORDINARIA.pdf,42,V e r e l A p é n d i c e,VerelApéndice
