pdf,page,chars_off_page,chars_on_page,page_width,page_height,leftmost_x,rightmost_x,what_it_says
02-06-2021_ESPECIAL.pdf,67,1,151,595.3,841.9,647.8,647.8, 
04-02-2021_EXTRAORDINARIA.pdf,63,1,194,595.4,841.9,654.7,654.7, 
04-06-2020_ESPECIAL.pdf,25,1112,4720,595.3,841.9,595.3,4299.3,                                                                                                                                                                                                        
04-12-2020_ESPECIAL.pdf,130,9,4751,595.3,841.9,595.6,618.4,         
05-11-2020_ESPECIAL.pdf,82,1,123,595.3,841.9,655.2,655.2, 
05-11-2020_ESPECIAL.pdf,84,1,140,595.3,841.9,654.5,654.5, 
06-10-2021_ESPECIAL.pdf,83,1,153,595.3,841.9,654.4,654.4, 
07-04-2022_ESPECIAL.pdf,86,1,153,612.0,792.0,684.1,684.1, 
08-04-2021_ESPECIAL.pdf,126,1,151,595.3,841.9,639.2,639.2, 
08-04-2021_ESPECIAL.pdf,128,1,168,595.3,841.9,654.5,654.5, 
08-09-2022_ESPECIAL.pdf,25,1,121,595.3,841.9,640.8,640.8, 
08-10-2020_ESPECIAL.pdf,102,1,140,595.3,841.9,654.5,654.5, 
11-05-2023_INFORMATIVA_ESPECIAL.pdf,4,47,2613,595.3,841.9,596.6,750.3,                                               
12-03-2020_ESPECIAL.pdf,1,1,558,595.4,841.9,202.4,202.4, 
12-09-2024_ORDINARIA.pdf,1,7,152,595.3,841.9,765.5,793.9,Pág. 1 
12-09-2024_ORDINARIA.pdf,2,7,593,595.3,841.9,765.5,793.9,Pág. 2 
12-09-2024_ORDINARIA.pdf,3,7,1830,595.3,841.9,765.5,793.9,Pág. 3 
12-09-2024_ORDINARIA.pdf,4,7,2388,595.4,841.7,752.4,780.9,Pág. 4 
12-09-2024_ORDINARIA.pdf,5,7,2432,595.4,841.7,752.4,780.9,Pág. 5 
12-09-2024_ORDINARIA.pdf,6,7,3594,595.4,841.7,752.4,780.9,Pág. 6 
12-09-2024_ORDINARIA.pdf,7,7,3219,595.4,841.7,752.4,780.9,Pág. 7 
12-09-2024_ORDINARIA.pdf,8,7,3464,595.4,841.7,752.4,780.9,Pág. 8 
12-09-2024_ORDINARIA.pdf,9,7,3314,595.4,841.7,752.4,780.9,Pág. 9 
12-09-2024_ORDINARIA.pdf,10,8,3636,595.4,841.7,746.9,780.9,Pág. 10 
12-09-2024_ORDINARIA.pdf,11,8,3118,595.4,841.7,746.9,780.9,Pág. 11 
12-09-2024_ORDINARIA.pdf,12,8,3808,595.4,841.7,746.9,780.9,Pág. 12 
12-09-2024_ORDINARIA.pdf,13,8,3665,595.4,841.7,746.9,780.9,Pág. 13 
12-09-2024_ORDINARIA.pdf,14,8,3360,595.4,841.7,746.9,780.9,Pág. 14 
12-09-2024_ORDINARIA.pdf,15,8,3457,595.4,841.7,746.9,780.9,Pág. 15 
12-09-2024_ORDINARIA.pdf,16,8,3465,595.4,841.7,746.9,780.9,Pág. 16 
12-09-2024_ORDINARIA.pdf,17,8,3547,595.4,841.7,746.9,780.9,Pág. 17 
12-09-2024_ORDINARIA.pdf,18,8,3400,595.4,841.7,746.9,780.9,Pág. 18 
12-09-2024_ORDINARIA.pdf,19,8,3248,595.4,841.7,746.9,780.9,Pág. 19 
12-09-2024_ORDINARIA.pdf,20,8,3449,595.4,841.7,746.9,780.9,Pág. 20 
12-09-2024_ORDINARIA.pdf,21,8,3727,595.4,841.7,746.9,780.9,Pág. 21 
12-09-2024_ORDINARIA.pdf,22,8,3585,595.4,841.7,746.9,780.9,Pág. 22 
12-09-2024_ORDINARIA.pdf,23,8,3727,595.4,841.7,746.9,780.9,Pág. 23 
12-09-2024_ORDINARIA.pdf,24,8,3356,595.4,841.7,746.9,780.9,Pág. 24 
12-09-2024_ORDINARIA.pdf,25,8,3595,595.4,841.7,746.9,780.9,Pág. 25 
12-09-2024_ORDINARIA.pdf,26,8,2744,595.4,841.7,746.9,780.9,Pág. 26 
12-09-2024_ORDINARIA.pdf,27,8,3133,595.4,841.7,746.9,780.9,Pág. 27 
12-09-2024_ORDINARIA.pdf,28,8,3071,595.4,841.7,746.9,780.9,Pág. 28 
12-09-2024_ORDINARIA.pdf,29,8,3401,595.4,841.7,746.9,780.9,Pág. 29 
12-09-2024_ORDINARIA.pdf,30,8,3132,595.4,841.7,746.9,780.9,Pág. 30 
12-09-2024_ORDINARIA.pdf,31,8,3221,595.4,841.7,746.9,780.9,Pág. 31 
12-09-2024_ORDINARIA.pdf,32,8,3261,595.4,841.7,746.9,780.9,Pág. 32 
12-09-2024_ORDINARIA.pdf,33,8,3165,595.4,841.7,746.9,780.9,Pág. 33 
12-09-2024_ORDINARIA.pdf,34,8,3029,595.4,841.7,746.9,780.9,Pág. 34 
12-09-2024_ORDINARIA.pdf,35,8,2640,595.4,841.7,746.9,780.9,Pág. 35 
12-09-2024_ORDINARIA.pdf,36,8,3244,595.4,841.7,746.9,780.9,Pág. 36 
12-09-2024_ORDINARIA.pdf,37,8,3907,595.4,841.7,746.9,780.9,Pág. 37 
12-09-2024_ORDINARIA.pdf,38,8,3844,595.4,841.7,746.9,780.9,Pág. 38 
12-09-2024_ORDINARIA.pdf,39,8,3720,595.4,841.7,746.9,780.9,Pág. 39 
12-09-2024_ORDINARIA.pdf,40,8,3763,595.4,841.7,746.9,780.9,Pág. 40 
12-09-2024_ORDINARIA.pdf,41,8,3608,595.4,841.7,746.9,780.9,Pág. 41 
12-09-2024_ORDINARIA.pdf,42,8,3967,595.4,841.7,746.9,780.9,Pág. 42 
12-09-2024_ORDINARIA.pdf,43,8,3401,595.4,841.7,746.9,780.9,Pág. 43 
12-09-2024_ORDINARIA.pdf,44,8,3749,595.4,841.7,746.9,780.9,Pág. 44 
12-09-2024_ORDINARIA.pdf,45,8,3653,595.4,841.7,746.9,780.9,Pág. 45 
12-09-2024_ORDINARIA.pdf,46,8,4097,595.4,841.7,746.9,780.9,Pág. 46 
12-09-2024_ORDINARIA.pdf,47,8,3962,595.4,841.7,746.9,780.9,Pág. 47 
12-09-2024_ORDINARIA.pdf,48,8,3877,595.4,841.7,746.9,780.9,Pág. 48 
12-09-2024_ORDINARIA.pdf,49,8,3833,595.4,841.7,746.9,780.9,Pág. 49 
12-09-2024_ORDINARIA.pdf,50,8,3516,595.4,841.7,746.9,780.9,Pág. 50 
12-09-2024_ORDINARIA.pdf,51,8,3818,595.4,841.7,746.9,780.9,Pág. 51 
12-09-2024_ORDINARIA.pdf,52,8,3975,595.4,841.7,746.9,780.9,Pág. 52 
12-09-2024_ORDINARIA.pdf,53,8,3766,595.4,841.7,746.9,780.9,Pág. 53 
12-09-2024_ORDINARIA.pdf,54,8,3681,595.4,841.7,746.9,780.9,Pág. 54 
12-09-2024_ORDINARIA.pdf,55,8,3557,595.4,841.7,746.9,780.9,Pág. 55 
12-09-2024_ORDINARIA.pdf,56,8,3581,595.4,841.7,746.9,780.9,Pág. 56 
12-09-2024_ORDINARIA.pdf,57,8,3323,595.4,841.7,746.9,780.9,Pág. 57 
12-09-2024_ORDINARIA.pdf,58,8,3469,595.4,841.7,746.9,780.9,Pág. 58 
12-09-2024_ORDINARIA.pdf,59,8,3536,595.4,841.7,746.9,780.9,Pág. 59 
12-09-2024_ORDINARIA.pdf,60,8,3789,595.4,841.7,746.9,780.9,Pág. 60 
12-09-2024_ORDINARIA.pdf,61,8,3858,595.4,841.7,746.9,780.9,Pág. 61 
12-09-2024_ORDINARIA.pdf,62,8,3667,595.4,841.7,746.9,780.9,Pág. 62 
12-09-2024_ORDINARIA.pdf,63,8,3777,595.4,841.7,746.9,780.9,Pág. 63 
12-09-2024_ORDINARIA.pdf,64,8,3764,595.4,841.7,746.9,780.9,Pág. 64 
12-09-2024_ORDINARIA.pdf,65,8,3732,595.4,841.7,746.9,780.9,Pág. 65 
12-09-2024_ORDINARIA.pdf,66,8,3617,595.4,841.7,746.9,780.9,Pág. 66 
12-09-2024_ORDINARIA.pdf,67,8,3518,595.4,841.7,746.9,780.9,Pág. 67 
12-09-2024_ORDINARIA.pdf,68,8,3835,595.4,841.7,746.9,780.9,Pág. 68 
12-09-2024_ORDINARIA.pdf,69,8,3669,595.4,841.7,746.9,780.9,Pág. 69 
12-09-2024_ORDINARIA.pdf,70,8,3736,595.4,841.7,746.9,780.9,Pág. 70 
12-09-2024_ORDINARIA.pdf,71,8,3735,595.4,841.7,746.9,780.9,Pág. 71 
12-09-2024_ORDINARIA.pdf,72,8,3731,595.4,841.7,746.9,780.9,Pág. 72 
12-09-2024_ORDINARIA.pdf,73,8,3886,595.4,841.7,746.9,780.9,Pág. 73 
12-09-2024_ORDINARIA.pdf,74,8,3663,595.4,841.7,746.9,780.9,Pág. 74 
12-09-2024_ORDINARIA.pdf,75,8,3878,595.4,841.7,746.9,780.9,Pág. 75 
12-09-2024_ORDINARIA.pdf,76,8,2838,595.4,841.7,746.9,780.9,Pág. 76 
12-09-2024_ORDINARIA.pdf,77,8,3447,595.4,841.7,746.9,780.9,Pág. 77 
12-09-2024_ORDINARIA.pdf,78,8,3604,595.4,841.7,746.9,780.9,Pág. 78 
12-09-2024_ORDINARIA.pdf,79,8,3274,595.4,841.7,746.9,780.9,Pág. 79 
12-09-2024_ORDINARIA.pdf,80,8,3312,595.4,841.7,746.9,780.9,Pág. 80 
12-09-2024_ORDINARIA.pdf,81,8,3456,595.4,841.7,746.9,780.9,Pág. 81 
12-09-2024_ORDINARIA.pdf,82,8,3329,595.4,841.7,746.9,780.9,Pág. 82 
12-09-2024_ORDINARIA.pdf,83,8,3250,595.4,841.7,746.9,780.9,Pág. 83 
12-09-2024_ORDINARIA.pdf,84,8,3393,595.4,841.7,746.9,780.9,Pág. 84 
12-09-2024_ORDINARIA.pdf,85,8,3208,595.4,841.7,746.9,780.9,Pág. 85 
12-09-2024_ORDINARIA.pdf,86,8,3042,595.4,841.7,746.9,780.9,Pág. 86 
12-09-2024_ORDINARIA.pdf,87,8,3429,595.4,841.7,746.9,780.9,Pág. 87 
12-09-2024_ORDINARIA.pdf,88,8,3122,595.4,841.7,746.9,780.9,Pág. 88 
12-09-2024_ORDINARIA.pdf,89,8,2749,595.4,841.7,746.9,780.9,Pág. 89 
12-09-2024_ORDINARIA.pdf,90,8,3249,595.4,841.7,746.9,780.9,Pág. 90 
12-09-2024_ORDINARIA.pdf,91,8,3666,595.4,841.7,746.9,780.9,Pág. 91 
12-09-2024_ORDINARIA.pdf,92,8,3779,595.4,841.7,746.9,780.9,Pág. 92 
12-09-2024_ORDINARIA.pdf,93,8,3677,595.4,841.7,746.9,780.9,Pág. 93 
12-09-2024_ORDINARIA.pdf,94,8,3830,595.4,841.7,746.9,780.9,Pág. 94 
12-09-2024_ORDINARIA.pdf,95,8,3943,595.4,841.7,746.9,780.9,Pág. 95 
12-09-2024_ORDINARIA.pdf,96,8,3592,595.4,841.7,746.9,780.9,Pág. 96 
12-09-2024_ORDINARIA.pdf,97,8,3627,595.4,841.7,746.9,780.9,Pág. 97 
12-09-2024_ORDINARIA.pdf,98,8,3911,595.4,841.7,746.9,780.9,Pág. 98 
12-09-2024_ORDINARIA.pdf,99,8,3725,595.4,841.7,746.9,780.9,Pág. 99 
12-09-2024_ORDINARIA.pdf,100,9,3821,595.4,841.7,741.5,780.9,Pág. 100 
12-09-2024_ORDINARIA.pdf,101,9,3695,595.4,841.7,741.5,780.9,Pág. 101 
12-09-2024_ORDINARIA.pdf,102,9,3762,595.4,841.7,741.5,780.9,Pág. 102 
12-09-2024_ORDINARIA.pdf,103,9,3793,595.4,841.7,741.5,780.9,Pág. 103 
12-09-2024_ORDINARIA.pdf,104,9,3596,595.4,841.7,741.5,780.9,Pág. 104 
12-09-2024_ORDINARIA.pdf,105,9,3747,595.4,841.7,741.5,780.9,Pág. 105 
12-09-2024_ORDINARIA.pdf,106,9,3478,595.4,841.7,741.5,780.9,Pág. 106 
12-09-2024_ORDINARIA.pdf,107,9,3547,595.4,841.7,741.5,780.9,Pág. 107 
12-09-2024_ORDINARIA.pdf,108,9,3673,595.4,841.7,741.5,780.9,Pág. 108 
12-09-2024_ORDINARIA.pdf,109,9,3951,595.4,841.7,741.5,780.9,Pág. 109 
12-09-2024_ORDINARIA.pdf,110,9,3785,595.4,841.7,741.5,780.9,Pág. 110 
12-09-2024_ORDINARIA.pdf,111,9,3780,595.4,841.7,741.5,780.9,Pág. 111 
12-09-2024_ORDINARIA.pdf,112,9,3784,595.4,841.7,741.5,780.9,Pág. 112 
12-09-2024_ORDINARIA.pdf,113,9,3834,595.4,841.7,741.5,780.9,Pág. 113 
12-09-2024_ORDINARIA.pdf,114,9,3770,595.4,841.7,741.5,780.9,Pág. 114 
12-09-2024_ORDINARIA.pdf,115,9,3981,595.4,841.7,741.5,780.9,Pág. 115 
12-09-2024_ORDINARIA.pdf,116,9,3632,595.4,841.7,741.5,780.9,Pág. 116 
12-09-2024_ORDINARIA.pdf,117,9,3802,595.4,841.7,741.5,780.9,Pág. 117 
12-09-2024_ORDINARIA.pdf,118,9,3600,595.4,841.7,741.5,780.9,Pág. 118 
12-09-2024_ORDINARIA.pdf,119,9,3484,595.4,841.7,741.5,780.9,Pág. 119 
12-09-2024_ORDINARIA.pdf,120,9,3759,595.4,841.7,741.5,780.9,Pág. 120 
12-09-2024_ORDINARIA.pdf,121,9,3291,595.4,841.7,741.5,780.9,Pág. 121 
12-09-2024_ORDINARIA.pdf,122,9,3535,595.4,841.7,741.5,780.9,Pág. 122 
12-09-2024_ORDINARIA.pdf,123,9,3603,595.4,841.7,741.5,780.9,Pág. 123 
12-09-2024_ORDINARIA.pdf,124,9,3585,595.4,841.7,741.5,780.9,Pág. 124 
12-09-2024_ORDINARIA.pdf,125,9,3760,595.4,841.7,741.5,780.9,Pág. 125 
12-09-2024_ORDINARIA.pdf,126,9,3610,595.4,841.7,741.5,780.9,Pág. 126 
12-09-2024_ORDINARIA.pdf,127,9,3727,595.4,841.7,741.5,780.9,Pág. 127 
12-09-2024_ORDINARIA.pdf,128,9,3706,595.4,841.7,741.5,780.9,Pág. 128 
12-09-2024_ORDINARIA.pdf,129,9,3858,595.4,841.7,741.5,780.9,Pág. 129 
12-09-2024_ORDINARIA.pdf,130,9,3661,595.4,841.7,741.5,780.9,Pág. 130 
12-09-2024_ORDINARIA.pdf,131,9,3721,595.4,841.7,741.5,780.9,Pág. 131 
12-09-2024_ORDINARIA.pdf,132,9,3674,595.4,841.7,741.5,780.9,Pág. 132 
12-09-2024_ORDINARIA.pdf,133,9,3497,595.4,841.7,741.5,780.9,Pág. 133 
12-09-2024_ORDINARIA.pdf,134,9,3266,595.4,841.7,741.5,780.9,Pág. 134 
12-09-2024_ORDINARIA.pdf,135,9,2456,595.4,841.7,741.5,780.9,Pág. 135 
12-09-2024_ORDINARIA.pdf,136,9,2376,595.4,841.7,741.5,780.9,Pág. 136 
12-09-2024_ORDINARIA.pdf,137,9,2795,595.4,841.7,741.5,780.9,Pág. 137 
12-09-2024_ORDINARIA.pdf,138,9,3745,595.4,841.7,741.5,780.9,Pág. 138 
12-09-2024_ORDINARIA.pdf,139,9,3616,595.4,841.7,741.5,780.9,Pág. 139 
12-09-2024_ORDINARIA.pdf,140,9,3698,595.4,841.7,741.5,780.9,Pág. 140 
12-09-2024_ORDINARIA.pdf,141,9,3868,595.4,841.7,741.5,780.9,Pág. 141 
12-09-2024_ORDINARIA.pdf,142,9,3711,595.4,841.7,741.5,780.9,Pág. 142 
12-09-2024_ORDINARIA.pdf,143,9,3924,595.4,841.7,741.5,780.9,Pág. 143 
12-09-2024_ORDINARIA.pdf,144,9,3795,595.4,841.7,741.5,780.9,Pág. 144 
12-09-2024_ORDINARIA.pdf,145,9,3806,595.4,841.7,741.5,780.9,Pág. 145 
12-09-2024_ORDINARIA.pdf,146,9,3702,595.4,841.7,741.5,780.9,Pág. 146 
12-09-2024_ORDINARIA.pdf,147,9,3564,595.4,841.7,741.5,780.9,Pág. 147 
12-09-2024_ORDINARIA.pdf,148,9,3602,595.4,841.7,741.5,780.9,Pág. 148 
12-09-2024_ORDINARIA.pdf,149,9,3933,595.4,841.7,741.5,780.9,Pág. 149 
12-09-2024_ORDINARIA.pdf,150,9,3702,595.4,841.7,741.5,780.9,Pág. 150 
12-09-2024_ORDINARIA.pdf,151,9,3722,595.4,841.7,741.5,780.9,Pág. 151 
12-09-2024_ORDINARIA.pdf,152,9,3632,595.4,841.7,741.5,780.9,Pág. 152 
12-09-2024_ORDINARIA.pdf,153,9,3109,595.4,841.7,741.5,780.9,Pág. 153 
12-09-2024_ORDINARIA.pdf,154,9,3013,595.4,841.7,741.5,780.9,Pág. 154 
12-09-2024_ORDINARIA.pdf,155,9,934,595.4,841.7,741.5,780.9,Pág. 155 
12-09-2024_ORDINARIA.pdf,156,9,121,595.4,841.7,741.5,780.9,Pág. 156 
12-09-2024_ORDINARIA.pdf,157,9,102,595.4,841.7,741.5,780.9,Pág. 157 
12-09-2024_ORDINARIA.pdf,158,9,102,595.4,841.7,741.5,780.9,Pág. 158 
12-09-2024_ORDINARIA.pdf,159,9,102,595.4,841.7,741.5,780.9,Pág. 159 
12-09-2024_ORDINARIA.pdf,160,9,102,595.4,841.7,741.5,780.9,Pág. 160 
12-09-2024_ORDINARIA.pdf,161,9,102,595.4,841.7,741.5,780.9,Pág. 161 
12-09-2024_ORDINARIA.pdf,162,9,102,595.4,841.7,741.5,780.9,Pág. 162 
12-09-2024_ORDINARIA.pdf,163,9,102,595.4,841.7,741.5,780.9,Pág. 163 
12-09-2024_ORDINARIA.pdf,164,9,102,595.4,841.7,741.5,780.9,Pág. 164 
12-09-2024_ORDINARIA.pdf,165,9,103,595.4,841.7,741.5,780.9,Pág. 165 
12-09-2024_ORDINARIA.pdf,166,9,103,595.4,841.7,741.5,780.9,Pág. 166 
12-09-2024_ORDINARIA.pdf,167,9,103,595.4,841.7,741.5,780.9,Pág. 167 
12-09-2024_ORDINARIA.pdf,168,9,103,595.4,841.7,741.5,780.9,Pág. 168 
12-09-2024_ORDINARIA.pdf,169,9,103,595.4,841.7,741.5,780.9,Pág. 169 
12-09-2024_ORDINARIA.pdf,170,9,103,595.4,841.7,741.5,780.9,Pág. 170 
12-09-2024_ORDINARIA.pdf,171,9,103,595.4,841.7,741.5,780.9,Pág. 171 
12-09-2024_ORDINARIA.pdf,172,9,3766,595.4,841.7,741.5,780.9,Pág. 172 
12-09-2024_ORDINARIA.pdf,173,9,4512,595.4,841.7,741.5,780.9,Pág. 173 
12-09-2024_ORDINARIA.pdf,174,9,4835,595.4,841.7,741.5,780.9,Pág. 174 
12-09-2024_ORDINARIA.pdf,175,9,3952,595.4,841.7,741.5,780.9,Pág. 175 
12-09-2024_ORDINARIA.pdf,176,9,4468,595.4,841.7,741.5,780.9,Pág. 176 
12-09-2024_ORDINARIA.pdf,177,9,4310,595.4,841.7,741.5,780.9,Pág. 177 
12-09-2024_ORDINARIA.pdf,178,9,4495,595.4,841.7,741.5,780.9,Pág. 178 
12-09-2024_ORDINARIA.pdf,179,9,4202,595.4,841.7,741.5,780.9,Pág. 179 
12-09-2024_ORDINARIA.pdf,180,9,4138,595.4,841.7,741.5,780.9,Pág. 180 
12-09-2024_ORDINARIA.pdf,181,9,4547,595.4,841.7,741.5,780.9,Pág. 181 
12-09-2024_ORDINARIA.pdf,182,9,3888,595.4,841.7,741.5,780.9,Pág. 182 
12-09-2024_ORDINARIA.pdf,183,9,4200,595.4,841.7,741.5,780.9,Pág. 183 
12-09-2024_ORDINARIA.pdf,184,9,5106,595.4,841.7,741.5,780.9,Pág. 184 
12-09-2024_ORDINARIA.pdf,185,9,5006,595.4,841.7,741.5,780.9,Pág. 185 
12-09-2024_ORDINARIA.pdf,186,9,4299,595.4,841.7,741.5,780.9,Pág. 186 
12-09-2024_ORDINARIA.pdf,187,9,2120,595.4,841.7,741.5,780.9,Pág. 187 
13-05-2020_ESPECIAL.pdf,93,1,119,595.3,841.9,654.4,654.4, 
13-05-2021_ESPECIAL.pdf,167,1,154,595.3,841.9,655.2,655.2, 
19-08-2021_ESPECIAL.pdf,107,1,190,595.3,841.9,654.4,654.4, 
2001-11-21_r72_ORDINARIA.pdf,12,1,4787,577.8,824.4,0.0,0.0,(cid:9)
2001-11-21_r72_ORDINARIA.pdf,17,1,5668,577.8,824.4,0.0,0.0,(cid:9)
2001-11-21_r72_ORDINARIA.pdf,24,1,5122,577.8,824.4,0.0,0.0,(cid:9)
2001-11-21_r72_ORDINARIA.pdf,29,1,4901,577.8,824.4,0.0,0.0,(cid:9)
2001-11-21_r72_ORDINARIA.pdf,35,1,4695,577.8,824.4,0.0,0.0,(cid:9)
2001-11-21_r72_ORDINARIA.pdf,47,2,4651,577.8,824.4,0.0,0.0,(cid:9)(cid:9)
2001-11-21_r72_ORDINARIA.pdf,49,9,4507,577.8,824.4,1138.0,9841.0,         
2001-11-21_r72_ORDINARIA.pdf,80,4,4670,577.8,824.4,0.0,0.0,(cid:9)(cid:9)(cid:9)(cid:9)
2001-11-21_r72_ORDINARIA.pdf,90,2,5536,577.8,824.4,2045.0,3632.0,  
2001-11-21_r72_ORDINARIA.pdf,102,1,3649,577.8,824.4,0.0,0.0,(cid:9)
2001-11-29_r74_PREPARATORIA.pdf,3,2,3743,577.8,824.4,0.0,0.0,(cid:9)(cid:9)
2001-11-29_r74_PREPARATORIA.pdf,5,1,4179,577.8,824.4,0.0,0.0,(cid:9)
2001-11-29_r74_PREPARATORIA.pdf,11,1,4252,577.8,824.4,0.0,0.0,(cid:9)
2001-11-29_r74_PREPARATORIA.pdf,17,1,4263,577.8,824.4,0.0,0.0,(cid:9)
2008-08-13_r13_ORDINARIA.pdf,16,2,2980,595.0,842.0,599.2,605.7,  
2008-09-10_r15_ORDINARIA.pdf,58,138,3458,612.0,1008.0,614.0,1025.0,                                                                                                                                          
2008-09-10_r15_ORDINARIA.pdf,71,37,1101,612.0,1008.0,613.3,721.3,                                     
2009-03-04_r02_ORDINARIA.pdf,66,2,1742,612.0,1008.0,-28.4,-28.4,  
2009-03-26_r03_ORDINARIA.pdf,7,2,3481,595.2,841.8,630.1,633.1,  
2009-03-26_r03_ORDINARIA.pdf,129,17,883,595.2,841.8,-17.6,-14.6,                 
2011-12-22_r17_EXTRAORDINARIA.pdf,117,1,64,595.2,841.8,513.7,513.7, 
2011-12-22_r17_EXTRAORDINARIA.pdf,119,1,64,595.2,841.8,513.8,513.8, 
2011-12-22_r17_EXTRAORDINARIA.pdf,125,1,64,595.2,841.8,513.8,513.8, 
2011-12-22_r17_EXTRAORDINARIA.pdf,131,1,64,595.2,841.8,514.1,514.1, 
2012-09-05_r14_ORDINARIA.pdf,48,1,50,595.3,841.9,685.7,685.7, 
2012-10-31_r19_ORDINARIA.pdf,10,1,2693,595.3,841.9,662.7,662.7, 
2013-04-18_r05_ESPECIAL.pdf,97,19,2328,595.2,841.8,602.8,605.0,◄ Ver el Apéndice. 
2013-04-24_r06_ORDINARIA.pdf,90,1,3111,595.3,841.9,620.8,620.8, 
2013-09-04_r14_ORDINARIA.pdf,42,19,3359,595.3,841.9,680.5,682.8,◄ Ver el Apéndice. 
2013-11-13_r17_ORDINARIA.pdf,29,6,3516,595.3,841.9,620.4,652.6,◄  ◄  
2013-11-13_r17_ORDINARIA.pdf,44,9,3103,595.3,841.9,666.7,666.7,◄ Ver el 
2013-11-13_r17_ORDINARIA.pdf,94,17,2899,595.3,841.9,683.7,697.2,Ver el Apéndice. 
2014-10-29_r18_ORDINARIA.pdf,27,2,3845,595.3,841.9,703.9,709.9,2 
2018-04-18_r03_ORDINARIA.pdf,126,1,152,595.3,841.9,654.5,654.5, 
2018-05-30_r06_ESPECIAL.pdf,1,14,603,595.3,841.9,92.3,220.6,(PROVISIONAL) 
2018-08-09_r11_ESPECIAL_EN_MINORIA.pdf,1,14,400,595.3,841.9,103.0,231.3,(PROVISIONAL) 
2018-08-15_r12_ESPECIAL_EN_MINORIA.pdf,1,14,434,595.3,841.9,102.7,231.1,(PROVISIONAL) 
2018-08-22_r13_ESPECIAL.pdf,141,1,143,595.3,841.9,656.6,656.6, 
2018-10-10_r16_ORDINARIA.pdf,1,28,602,595.3,841.9,11.4,264.8,(PROVISIONAL) (PROVISIONAL) 
2018-11-14_r17_ESPECIAL.pdf,1,14,870,595.3,841.9,95.5,261.8,(PROVISIONAL) 
2018-12-19_r20_EXTRAORDINARIA.pdf,1,14,580,595.3,841.9,97.2,263.4,(PROVISIONAL) 
2019-02-27_r01_PREPARATORIA.pdf,1,14,376,595.3,841.9,97.3,263.6,(PROVISIONAL) 
2019-03-01_r00_ASAMBLEA.pdf,1,14,458,595.3,841.9,97.5,263.7,(PROVISIONAL) 
2019-03-20_r02_ORDINARIA.pdf,1,14,475,595.3,841.9,98.4,264.6,(PROVISIONAL) 
2019-03-20_r02_ORDINARIA.pdf,100,1,128,595.3,841.9,654.5,654.5, 
2019-03-20_r02_ORDINARIA.pdf,101,1,129,595.3,841.9,654.5,654.5, 
2019-03-20_r02_ORDINARIA.pdf,102,1,129,595.3,841.9,654.5,654.5, 
2019-03-20_r02_ORDINARIA.pdf,104,1,130,595.3,841.9,654.5,654.5, 
2019-03-20_r02_ORDINARIA.pdf,105,1,130,595.3,841.9,654.5,654.5, 
2019-03-20_r02_ORDINARIA.pdf,106,1,130,595.3,841.9,654.5,654.5, 
2019-03-20_r02_ORDINARIA.pdf,107,1,130,595.3,841.9,654.5,654.5, 
2019-03-20_r02_ORDINARIA.pdf,108,1,131,595.3,841.9,654.5,654.5, 
2019-03-27_r03_ORDINARIA_CONTINUACION.pdf,1,14,427,595.3,841.9,98.4,264.6,(PROVISIONAL) 
2019-03-27_r04_INFORMATIVA_ESPECIAL.pdf,1,14,475,595.3,841.9,97.3,263.6,(PROVISIONAL) 
2019-04-16_r05_ESPECIAL.pdf,1,1,447,595.3,841.9,180.4,180.4, 
2019-11-13_r09_ESPECIAL.pdf,64,1,113,595.3,841.9,654.4,654.4, 
23-07-2020_ESPECIAL.pdf,135,1,121,595.3,841.9,645.8,645.8, 
24-06-2021_ESPECIAL.pdf,151,1,155,595.3,841.9,644.6,644.6, 
27-11-2020_ESPECIAL.pdf,138,1,163,595.3,841.9,654.5,654.5, 
28-10-2021_ORDINARIA.pdf,93,1,173,595.3,841.9,654.2,654.2, 
