pdf,pages,status,before,after
03-09-2020_ESPECIAL.pdf,152,fixed,caído en la votación del Orden del Día N117/20 (Continuación.) ,caído en la votación del Orden del Día Nº117/20 (Continuación.) 
03-09-2020_ESPECIAL.pdf,152,fixed,"caído en la votación del Orden del Día N117/20, proyecto de resolución del senad","caído en la votación del Orden del Día Nº117/20, proyecto de resolución del senad"
03-09-2020_ESPECIAL.pdf,94,fixed,caído en la votación del Orden del Día N117/20  Sra. Presidenta (Ledesma Abdala),caído en la votación del Orden del Día Nº117/20  Sra. Presidenta (Ledesma Abdala)
2008-08-06_r12_ORDINARIA.pdf,43,fixed,"la Presidencia la señora vicepresidenta  del H. Senado, senadora Liliana T. Negr","la Presidencia la señora vicepresidenta 2º del H. Senado, senadora Liliana T. Negr"
2012-10-25_r18_ESPECIAL.pdf,4,open (size differs),N1.178/12,Nº1.178/12
2012-10-25_r18_ESPECIAL.pdf,47,open (size differs),N925/12,Nº925/12
2012-10-31_r19_ORDINARIA.pdf,10,fixed,ional de Primera Instancia del Trabajo N 72 de la Capital Federal al doctor Raúl,ional de Primera Instancia del Trabajo Nº 72 de la Capital Federal al doctor Raúl
2012-10-31_r19_ORDINARIA.pdf,10,fixed," al doctor Raúl Horacio OJEDA. Mensaje N 1.997/12, solicitando acuerdo para desi"," al doctor Raúl Horacio OJEDA. Mensaje Nº 1.997/12, solicitando acuerdo para desi"
2012-10-31_r19_ORDINARIA.pdf,10,fixed,ional de Primera Instancia del Trabajo N 63 de la Capital Federal a la doctora M,ional de Primera Instancia del Trabajo Nº 63 de la Capital Federal a la doctora M
2012-10-31_r19_ORDINARIA.pdf,10,fixed,"ora María Alejandra D’AGNILLO. Mensaje N 1.998/12, solicitando acuerdo para desi","ora María Alejandra D’AGNILLO. Mensaje Nº 1.998/12, solicitando acuerdo para desi"
2012-10-31_r19_ORDINARIA.pdf,10,fixed,ional de Primera Instancia del Trabajo N 21 de la Capital Federal a la doctora A,ional de Primera Instancia del Trabajo Nº 21 de la Capital Federal a la doctora A
2012-10-31_r19_ORDINARIA.pdf,10,fixed," a la doctora Ana María OTERO. Mensaje N 1.999/12, solicitando acuerdo para desi"," a la doctora Ana María OTERO. Mensaje Nº 1.999/12, solicitando acuerdo para desi"
2012-10-31_r19_ORDINARIA.pdf,10,fixed,ional de Primera Instancia del Trabajo N 36 de la Capital Federal a la doctora Y,ional de Primera Instancia del Trabajo Nº 36 de la Capital Federal a la doctora Y
2012-10-31_r19_ORDINARIA.pdf,10,fixed,"a Yolanda Liliana SCHEIDEGGER. Mensaje N 2.000/12, solicitando acuerdo para desi","a Yolanda Liliana SCHEIDEGGER. Mensaje Nº 2.000/12, solicitando acuerdo para desi"
2012-10-31_r19_ORDINARIA.pdf,10,fixed,ional de Primera Instancia del Trabajo N 64 de la Capital Federal al doctor Elio,ional de Primera Instancia del Trabajo Nº 64 de la Capital Federal al doctor Elio
2012-10-31_r19_ORDINARIA.pdf,11,fixed,"Mensaje N 2.001/12, solicitando acuerdo para desi","Mensaje Nº 2.001/12, solicitando acuerdo para desi"
2012-10-31_r19_ORDINARIA.pdf,11,fixed,ional de Primera Instancia del Trabajo N 69 de la Capital Federal al doctor José,ional de Primera Instancia del Trabajo Nº 69 de la Capital Federal al doctor José
2012-10-31_r19_ORDINARIA.pdf,11,fixed,"l doctor José Ignacio RAMONET. Mensaje N 2.002/12, solicitando acuerdo para desi","l doctor José Ignacio RAMONET. Mensaje Nº 2.002/12, solicitando acuerdo para desi"
2012-10-31_r19_ORDINARIA.pdf,11,fixed,zgado de Primera Instancia del Trabajo N 9 de la Capital Federal a la doctora Li,zgado de Primera Instancia del Trabajo Nº 9 de la Capital Federal a la doctora Li
2012-10-31_r19_ORDINARIA.pdf,11,fixed,"octora Liliana Noemí GONZÁLEZ. Mensaje N 2.003/12, solicitando acuerdo para desi","octora Liliana Noemí GONZÁLEZ. Mensaje Nº 2.003/12, solicitando acuerdo para desi"
2012-10-31_r19_ORDINARIA.pdf,11,fixed,ional de Primera Instancia del Trabajo N 47 de Capital Federal a la doctora Emil,ional de Primera Instancia del Trabajo Nº 47 de Capital Federal a la doctora Emil
2012-10-31_r19_ORDINARIA.pdf,11,fixed," doctora Emilce Leda SELLERIO. Mensaje N 2.004/12, solicitando acuerdo para desi"," doctora Emilce Leda SELLERIO. Mensaje Nº 2.004/12, solicitando acuerdo para desi"
2012-10-31_r19_ORDINARIA.pdf,11,fixed,ional de Primera Instancia del Trabajo N 5 de Capital Federal a la doctora Graci,ional de Primera Instancia del Trabajo Nº 5 de Capital Federal a la doctora Graci
2012-10-31_r19_ORDINARIA.pdf,11,fixed,"tora Graciela Beatriz PEREIRA. Mensaje N 2.005/12, solicitando acuerdo para desi","tora Graciela Beatriz PEREIRA. Mensaje Nº 2.005/12, solicitando acuerdo para desi"
2012-10-31_r19_ORDINARIA.pdf,11,fixed,ional de Primera Instancia del Trabajo N 10 de Capital Federal a la doctora Laur,ional de Primera Instancia del Trabajo Nº 10 de Capital Federal a la doctora Laur
2012-10-31_r19_ORDINARIA.pdf,11,fixed," a la doctora Laura Etel PAPO. Mensaje N 2.006/12, solicitando acuerdo para desi"," a la doctora Laura Etel PAPO. Mensaje Nº 2.006/12, solicitando acuerdo para desi"
2012-10-31_r19_ORDINARIA.pdf,11,fixed,ional de Primera Instancia del Trabajo N 42 de Capital Federal al doctor Ricardo,ional de Primera Instancia del Trabajo Nº 42 de Capital Federal al doctor Ricardo
2012-10-31_r19_ORDINARIA.pdf,116,fixed,"el 24,8 por ciento, cuando el artículo 7 de la Ley de Coparticipación –venimos e","el 24,8 por ciento, cuando el artículo 7º de la Ley de Coparticipación –venimos e"
2012-10-31_r19_ORDINARIA.pdf,12,fixed,bierno la siguiente leyenda: “Año del 30 Aniversario de la Recuperación de la De,bierno la siguiente leyenda: “Año del 30º Aniversario de la Recuperación de la De
2012-10-31_r19_ORDINARIA.pdf,17,fixed,n ciertas porque en ese lapso entre el 1 y el 3 de mayo participé de la III Cumb,n ciertas porque en ese lapso entre el 1º y el 3 de mayo participé de la III Cumb
2012-10-31_r19_ORDINARIA.pdf,183,fixed," es claramente violatorio del artículo 7 de la Ley de Coparticipación Federal, q"," es claramente violatorio del artículo 7º de la Ley de Coparticipación Federal, q"
2012-10-31_r19_ORDINARIA.pdf,187,fixed,"facultades legislativas. Los artículos 5, 6","facultades legislativas. Los artículos 5º, 6"
2012-10-31_r19_ORDINARIA.pdf,187,fixed,", 6, 7",", 6º, 7"
2012-10-31_r19_ORDINARIA.pdf,187,fixed,", 7, 8",", 7º, 8"
2012-10-31_r19_ORDINARIA.pdf,187,fixed,", 8, 16 –por respeto no leo lo que dicen po",", 8º, 16 –por respeto no leo lo que dicen po"
2012-10-31_r19_ORDINARIA.pdf,195,fixed,"ipio que no se cumplía con el artículo 7 de la ley 23.548, que habla del piso de","ipio que no se cumplía con el artículo 7º de la ley 23.548, que habla del piso de"
2012-10-31_r19_ORDINARIA.pdf,195,fixed,"hizo esta evaluación y sacó su Informe N1, donde reconocen que la cosa es como y","hizo esta evaluación y sacó su Informe Nº1, donde reconocen que la cosa es como y"
2012-10-31_r19_ORDINARIA.pdf,2,fixed,(O.D. N 1.232/12.),(O.D. Nº 1.232/12.)
2012-10-31_r19_ORDINARIA.pdf,2,fixed,erjurisdiccional marino Makenke. (O.D. N 961/12.),erjurisdiccional marino Makenke. (O.D. Nº 961/12.)
2012-10-31_r19_ORDINARIA.pdf,2,fixed,sdiccional marino Isla Pingüino. (O.D. N 962/12.),sdiccional marino Isla Pingüino. (O.D. Nº 962/12.)
2012-10-31_r19_ORDINARIA.pdf,2,fixed,"ración Nacional, ejercicio 2013. (O.D. N 1.230/12.)","ración Nacional, ejercicio 2013. (O.D. Nº 1.230/12.)"
2012-10-31_r19_ORDINARIA.pdf,3,fixed,dó rendir homenaje para conmemorar el 29 aniversario de la recuperación de la de,dó rendir homenaje para conmemorar el 29º aniversario de la recuperación de la de
2012-10-31_r19_ORDINARIA.pdf,3,fixed,de la Nación rinde su homenaje por el 29 aniversario de la restauración de la de,de la Nación rinde su homenaje por el 29º aniversario de la restauración de la de
2012-10-31_r19_ORDINARIA.pdf,52,fixed,"público provincial; es decir, artículo 5 de la Constitución: “Bajo estas condici","público provincial; es decir, artículo 5º de la Constitución: “Bajo estas condici"
2012-10-31_r19_ORDINARIA.pdf,93,fixed,"educación nacional, que en su artículo 9 establece que el Estado es el que garan","educación nacional, que en su artículo 9º establece que el Estado es el que garan"
2013-10-09_r16_ESPECIAL.pdf,164,open (size differs),"iento a lo establecido por el artículo 2, inciso ","iento a lo establecido por el artículo 2º, inciso "
2013-11-27_r19_ESPECIAL.pdf,106,fixed," en total concordancia con el artículo 5 de la Constitución Nacional, que pone e"," en total concordancia con el artículo 5º de la Constitución Nacional, que pone e"
2013-11-27_r19_ESPECIAL.pdf,106,fixed,"ido con el gobierno federal –artículos 4, 9","ido con el gobierno federal –artículos 4º, 9"
2013-11-27_r19_ESPECIAL.pdf,106,fixed,", 9, 10, 11, 12, 17 y 75, incisos 1, 2 , 3,",", 9º, 10, 11, 12, 17 y 75, incisos 1, 2 , 3,"
2013-11-27_r19_ESPECIAL.pdf,130,fixed,erechos Humanos interpreta el artículo 4 del Pacto de San José de Costa Rica exp,erechos Humanos interpreta el artículo 4º del Pacto de San José de Costa Rica exp
2013-11-27_r19_ESPECIAL.pdf,130,fixed,"l término concepción.  Leo el artículo 4 del Pacto, que tiene estatus constituci","l término concepción.  Leo el artículo 4º del Pacto, que tiene estatus constituci"
2013-11-27_r19_ESPECIAL.pdf,130,fixed," San José de Costa Rica en su artículo 4, ya incorporado.  Avanzaré más, aunque "," San José de Costa Rica en su artículo 4º, ya incorporado.  Avanzaré más, aunque "
2013-11-27_r19_ESPECIAL.pdf,140,fixed,anción en la otra Cámara.  El artículo 7 es injustificable al eximir al Estado d,anción en la otra Cámara.  El artículo 7º es injustificable al eximir al Estado d
2013-11-27_r19_ESPECIAL.pdf,141,fixed," pueblos indígenas, y de los artículos 6 y 14 del convenio 169 de la OIT, acerca"," pueblos indígenas, y de los artículos 6º y 14 del convenio 169 de la OIT, acerca"
2013-11-27_r19_ESPECIAL.pdf,143,fixed," las eliminan. Porque acá, el artículo 1 de la ley –no sé cómo habrá salido en l"," las eliminan. Porque acá, el artículo 1º de la ley –no sé cómo habrá salido en l"
2013-11-27_r19_ESPECIAL.pdf,144,fixed,nes que tienen que ver con el artículo 6. El Estado no debe responder aun en for,nes que tienen que ver con el artículo 6º. El Estado no debe responder aun en for
2013-11-27_r19_ESPECIAL.pdf,145,fixed," un artículo –creo que era el artículo 1– , respecto a que en la interpretación "," un artículo –creo que era el artículo 1º– , respecto a que en la interpretación "
2013-11-27_r19_ESPECIAL.pdf,155,fixed,sión tiene diez artículos. El artículo 1 plantea la aprobación del Código en su ,sión tiene diez artículos. El artículo 1º plantea la aprobación del Código en su 
2013-11-27_r19_ESPECIAL.pdf,16,fixed,La Cámara resuelve: “1) Declarar la validez de la elección de ,La Cámara resuelve: “1º) Declarar la validez de la elección de 
2013-11-27_r19_ESPECIAL.pdf,16,fixed,es realizada el 27 de octubre de 2013; 2) Proclamar como senadores nacionales po,es realizada el 27 de octubre de 2013; 2º) Proclamar como senadores nacionales po
2013-11-27_r19_ESPECIAL.pdf,165,fixed,: agregar un nuevo capítulo luego del 3 y un nuevo artículo luego del artículo ,: agregar un nuevo capítulo luego del 3º y un nuevo artículo luego del artículo 
2013-11-27_r19_ESPECIAL.pdf,2,fixed, Civil y Comercial de la Nación. (O.D. N 892/13 y anexos.) 5. Incorporación y ju, Civil y Comercial de la Nación. (O.D. Nº 892/13 y anexos.) 5. Incorporación y ju
2013-11-27_r19_ESPECIAL.pdf,2,fixed,s Civil y Comercial de la Nación (O.D. N 892/13 y anexos.) (Continuación.) 7. Ap,s Civil y Comercial de la Nación (O.D. Nº 892/13 y anexos.) (Continuación.) 7. Ap
2013-11-27_r19_ESPECIAL.pdf,26,fixed,"se impone el Código Civil a partir del 1 de enero de 1871, paradójicamente un añ","se impone el Código Civil a partir del 1º de enero de 1871, paradójicamente un añ"
2013-11-27_r19_ESPECIAL.pdf,26,fixed,s cotejos. Acabamos de conmemorar el 150 aniversario de la muerte de Ángel Vicen,s cotejos. Acabamos de conmemorar el 150º aniversario de la muerte de Ángel Vicen
2013-11-27_r19_ESPECIAL.pdf,27,fixed," a llevarse a la práctica a partir del 1 de enero de 1871, hablaba específicamen"," a llevarse a la práctica a partir del 1º de enero de 1871, hablaba específicamen"
2013-11-27_r19_ESPECIAL.pdf,39,fixed,uciones que se expresan en el artículo 4. Todo autor o inventor... El capital de,uciones que se expresan en el artículo 4º. Todo autor o inventor... El capital de
2013-11-27_r19_ESPECIAL.pdf,42,fixed,Tenemos discrepancias en los artículos 1 y 2,Tenemos discrepancias en los artículos 1º y 2
2013-11-27_r19_ESPECIAL.pdf,42,fixed, y 2. Este es el famoso diálogo de las fuent, y 2º. Este es el famoso diálogo de las fuent
2013-11-27_r19_ESPECIAL.pdf,42,fixed,o a presentar el Código. Los artículos 1 y 2,o a presentar el Código. Los artículos 1º y 2
2013-11-27_r19_ESPECIAL.pdf,42,fixed, y 2 son los que establecen cómo se para el , y 2º son los que establecen cómo se para el 
2013-11-27_r19_ESPECIAL.pdf,42,fixed,hablar mucho de esto hoy.  El artículo 4: persona jurídica con participación del,hablar mucho de esto hoy.  El artículo 4º: persona jurídica con participación del
2013-11-27_r19_ESPECIAL.pdf,46,fixed, lo que estamos aprobando. El artículo 1 habla de las fuentes del derecho. Quier, lo que estamos aprobando. El artículo 1º habla de las fuentes del derecho. Quier
2013-11-27_r19_ESPECIAL.pdf,50,fixed,"tica, en 1986 incorporamos al artículo 5 de la Constitución provincial un texto ","tica, en 1986 incorporamos al artículo 5º de la Constitución provincial un texto "
2013-11-27_r19_ESPECIAL.pdf,85,fixed,"n falaz, mentirosa, porque el artículo 1 del proyecto que tratará o está tratand","n falaz, mentirosa, porque el artículo 1º del proyecto que tratará o está tratand"
2013-11-27_r19_ESPECIAL.pdf,86,fixed,"estrictivas. En efecto, en su artículo 3 sólo se podrá demandar civilmente al Es","estrictivas. En efecto, en su artículo 3º sólo se podrá demandar civilmente al Es"
2013-11-27_r19_ESPECIAL.pdf,87,fixed, en línea con relación a los artículos 4 y 9, en línea con relación a los artículos 4º y 9
2013-11-27_r19_ESPECIAL.pdf,87,fixed, y 9 de la ley de responsabilidad del Estado, y 9º de la ley de responsabilidad del Estado
2014-05-28_r09_ORDINARIA.pdf,123,fixed," de la Villa de Merlo, San Luis. (O.D. N 116/14.) "," de la Villa de Merlo, San Luis. (O.D. Nº 116/14.) "
2014-07-02_r10_ORDINARIA.pdf,10,fixed,"al, Leandro Nicéforo Alem, sucedida el 1 de julio de 1896 en la ciudad de Buenos","al, Leandro Nicéforo Alem, sucedida el 1º de julio de 1896 en la ciudad de Buenos"
2014-07-02_r10_ORDINARIA.pdf,101,fixed,"emos nuestra disidencia en el artículo 3. Es más, vamos a plantear el cambio que","emos nuestra disidencia en el artículo 3º. Es más, vamos a plantear el cambio que"
2014-07-02_r10_ORDINARIA.pdf,101,fixed, proyecto. Hay dos partes del artículo 3 en las que nos parece que hay una deleg, proyecto. Hay dos partes del artículo 3º en las que nos parece que hay una deleg
2014-07-02_r10_ORDINARIA.pdf,101,fixed,por lo cual no acompañamos el artículo 3 –si lo cambian podríamos llegar a acomp,por lo cual no acompañamos el artículo 3º –si lo cambian podríamos llegar a acomp
2014-07-02_r10_ORDINARIA.pdf,101,fixed,"a a quedar de esta manera. El artículo 3 va a decir: ""Para acceder a dichas pres","a a quedar de esta manera. El artículo 3º va a decir: ""Para acceder a dichas pres"
2014-07-02_r10_ORDINARIA.pdf,101,fixed," regularización de deuda”. El artículo 7 va a decir: ""La fecha inicial de pago d"," regularización de deuda”. El artículo 7º va a decir: ""La fecha inicial de pago d"
2014-07-02_r10_ORDINARIA.pdf,101,fixed,via abonada establecida en el artículo 3”. Y el artículo 8,via abonada establecida en el artículo 3º”. Y el artículo 8
2014-07-02_r10_ORDINARIA.pdf,101,fixed,"”. Y el artículo 8 va a decir: ""A los fines de la presente","”. Y el artículo 8º va a decir: ""A los fines de la presente"
2014-07-02_r10_ORDINARIA.pdf,101,fixed,"evia a la que hace alusión el artículo 3, el monto de la siguiente será detraído","evia a la que hace alusión el artículo 3º, el monto de la siguiente será detraído"
2014-07-02_r10_ORDINARIA.pdf,105,fixed," la modificación de parte del artículo 3, que es importante, pero nosotros había"," la modificación de parte del artículo 3º, que es importante, pero nosotros había"
2014-07-02_r10_ORDINARIA.pdf,107,fixed, de la Confraternidad Antártica. (O.D. N 241/14.) Capital Nacional del Chocolate, de la Confraternidad Antártica. (O.D. Nº 241/14.) Capital Nacional del Chocolate
2014-07-02_r10_ORDINARIA.pdf,107,fixed," Carlos de Bariloche, Río Negro. (O.D. N 238/14.) Capital Nacional de la Mujer a"," Carlos de Bariloche, Río Negro. (O.D. Nº 238/14.) Capital Nacional de la Mujer a"
2014-07-02_r10_ORDINARIA.pdf,107,fixed,"dad de Los Toldos, Buenos Aires. (O.D. N 242/14.) Capital Nacional del Hidrógeno","dad de Los Toldos, Buenos Aires. (O.D. Nº 242/14.) Capital Nacional del Hidrógeno"
2014-07-02_r10_ORDINARIA.pdf,107,fixed,"uncado, provincia de Santa Cruz. (O.D. N 118/14.) ","uncado, provincia de Santa Cruz. (O.D. Nº 118/14.) "
2014-07-02_r10_ORDINARIA.pdf,110,fixed,s”. La fecha mencionada en el artículo 1 queda incorporada al calendario de acto,s”. La fecha mencionada en el artículo 1º queda incorporada al calendario de acto
2014-07-02_r10_ORDINARIA.pdf,112,fixed,"olvorines, Río Negro. (S.-4.248/13.) 204 Aniversario de la creación del Ejército","olvorines, Río Negro. (S.-4.248/13.) 204º Aniversario de la creación del Ejército"
2014-07-02_r10_ORDINARIA.pdf,113,fixed,el Ejército Argentino. (S.-1.573/14.) 25 Congreso Mundial de Espina Bífida e Hid,el Ejército Argentino. (S.-1.573/14.) 25º Congreso Mundial de Espina Bífida e Hid
2014-07-02_r10_ORDINARIA.pdf,113,fixed, de la Escuela Particular Incorporada N. 1.054 y N., de la Escuela Particular Incorporada N.º 1.054 y N.
2014-07-02_r10_ORDINARIA.pdf,113,fixed, 1.054 y N. 8.060 “Teodelina Fernández de Alvear”. , 1.054 y N.º 8.060 “Teodelina Fernández de Alvear”. 
2014-07-02_r10_ORDINARIA.pdf,136,fixed,"ionado”. Cabe destacar que el artículo 4 del libro segundo, título II, “De los c","ionado”. Cabe destacar que el artículo 4º del libro segundo, título II, “De los c"
2014-07-02_r10_ORDINARIA.pdf,136,fixed,"es a los empleados públicos”, capítulo 5“Insubordinación de los empleados públic","es a los empleados públicos”, capítulo 5º,“Insubordinación de los empleados públic"
2014-07-02_r10_ORDINARIA.pdf,137,fixed,"eguridad Interior, 24.059. El artículo 2 de la citada norma define como segurida","eguridad Interior, 24.059. El artículo 2º de la citada norma define como segurida"
2014-07-02_r10_ORDINARIA.pdf,138,fixed,eron lugar al amparo. El considerando 12 del fallo de la Corte expresa,eron lugar al amparo. El considerando 12º del fallo de la Corte expresa
2014-07-02_r10_ORDINARIA.pdf,30,fixed,"a, provincia de Buenos Aires, Fiscalía N 2. ","a, provincia de Buenos Aires, Fiscalía Nº 2. "
2014-07-02_r10_ORDINARIA.pdf,31,fixed,dad numérica en telefonía móvil. (O.D. N 165/14.) Instalación del servicio de te,dad numérica en telefonía móvil. (O.D. Nº 165/14.) Instalación del servicio de te
2014-07-02_r10_ORDINARIA.pdf,31,fixed," en Palermo, provincia de Salta. (O.D. N 166/14.) Preocupación por las fallas en"," en Palermo, provincia de Salta. (O.D. Nº 166/14.) Preocupación por las fallas en"
2014-07-02_r10_ORDINARIA.pdf,31,fixed,eas de la provincia de La Pampa. (O.D. N 167/14.) ,eas de la provincia de La Pampa. (O.D. Nº 167/14.) 
2014-07-02_r10_ORDINARIA.pdf,32,fixed,adoras de servicio de telefonía. (O.D. N 168/14.) Extensión de la fibra óptica e,adoras de servicio de telefonía. (O.D. Nº 168/14.) Extensión de la fibra óptica e
2014-07-02_r10_ORDINARIA.pdf,32,fixed,as rutas provinciales 510 y 511. (O.D. N 169/14.) Instalación de una estación di,as rutas provinciales 510 y 511. (O.D. Nº 169/14.) Instalación de una estación di
2014-07-02_r10_ORDINARIA.pdf,32,fixed,"Mercedes, provincia de San Luis. (O.D. N 170/14.) Día Mundial del Turismo. (O.D.","Mercedes, provincia de San Luis. (O.D. Nº 170/14.) Día Mundial del Turismo. (O.D."
2014-07-02_r10_ORDINARIA.pdf,32,fixed,70/14.) Día Mundial del Turismo. (O.D. N 171/14.) Porcentaje de aumento del turi,70/14.) Día Mundial del Turismo. (O.D. Nº 171/14.) Porcentaje de aumento del turi
2014-07-02_r10_ORDINARIA.pdf,32,fixed,nto del turismo en nuestro país. (O.D. N 172/14.) Campaña de difusión masiva que,nto del turismo en nuestro país. (O.D. Nº 172/14.) Campaña de difusión masiva que
2014-07-02_r10_ORDINARIA.pdf,32,fixed,os nacionales no convencionales. (O.D. N 173/14.) Apertura de la Casa Argentina ,os nacionales no convencionales. (O.D. Nº 173/14.) Apertura de la Casa Argentina 
2014-07-02_r10_ORDINARIA.pdf,32,fixed,República Federativa del Brasil. (O.D. N 175/14.) Provincias que se encuentran a,República Federativa del Brasil. (O.D. Nº 175/14.) Provincias que se encuentran a
2014-07-02_r10_ORDINARIA.pdf,32,fixed,grama Federal de Turismo Social. (O.D. N 176/14.) XVIII Edición de la Feria Inte,grama Federal de Turismo Social. (O.D. Nº 176/14.) XVIII Edición de la Feria Inte
2014-07-02_r10_ORDINARIA.pdf,32,fixed, Feria Internacional de Turismo. (O.D. N 177/14.) Inclusión del servicio de tran, Feria Internacional de Turismo. (O.D. Nº 177/14.) Inclusión del servicio de tran
2014-07-02_r10_ORDINARIA.pdf,32,fixed,los programas de Turismo Social. (O.D. N 178/14.) Congreso Iberoamericano de Tox,los programas de Turismo Social. (O.D. Nº 178/14.) Congreso Iberoamericano de Tox
2014-07-02_r10_ORDINARIA.pdf,32,fixed,"z, y Comodoro Rivadavia, Chubut. (O.D. N 198/14.) Investigación e informe sobre ","z, y Comodoro Rivadavia, Chubut. (O.D. Nº 198/14.) Investigación e informe sobre "
2014-07-02_r10_ORDINARIA.pdf,32,fixed,Sociedad Argentina de Nutrición. (O.D. N 199/14.) Designación de Lionel Messi co,Sociedad Argentina de Nutrición. (O.D. Nº 199/14.) Designación de Lionel Messi co
2014-07-02_r10_ORDINARIA.pdf,32,fixed,s Olímpicos de la Juventud 2018. (O.D. N 200/14.) Patricia Bermúdez obtuvo una m,s Olímpicos de la Juventud 2018. (O.D. Nº 200/14.) Patricia Bermúdez obtuvo una m
2014-07-02_r10_ORDINARIA.pdf,32,fixed,los Juegos ODESUR 2014 en Chile. (O.D. N 201/14.) VII Campamento de Verano de Ed,los Juegos ODESUR 2014 en Chile. (O.D. Nº 201/14.) VII Campamento de Verano de Ed
2014-07-02_r10_ORDINARIA.pdf,32,fixed,ños y Adolescentes con Diabetes. (O.D. N 202/14.) Incorporación al Programa Naci,ños y Adolescentes con Diabetes. (O.D. Nº 202/14.) Incorporación al Programa Naci
2014-07-02_r10_ORDINARIA.pdf,32,fixed,la vacuna contra la hepatitis B. (O.D. N 203/14.) Día Mundial del Cáncer. (O.D. ,la vacuna contra la hepatitis B. (O.D. Nº 203/14.) Día Mundial del Cáncer. (O.D. 
2014-07-02_r10_ORDINARIA.pdf,32,fixed,203/14.) Día Mundial del Cáncer. (O.D. N 204/14.) Semana de concientización orga,203/14.) Día Mundial del Cáncer. (O.D. Nº 204/14.) Semana de concientización orga
2014-07-02_r10_ORDINARIA.pdf,32,fixed,edad Argentina de Endometriosis. (O.D. N 205/14.) Día Nacional del Médico Legist,edad Argentina de Endometriosis. (O.D. Nº 205/14.) Día Nacional del Médico Legist
2014-07-02_r10_ORDINARIA.pdf,32,fixed,Día Nacional del Médico Legista. (O.D. N 206/14.) Día Mundial de la Hemofilia. (,Día Nacional del Médico Legista. (O.D. Nº 206/14.) Día Mundial de la Hemofilia. (
2014-07-02_r10_ORDINARIA.pdf,32,fixed,4.) Día Mundial de la Hemofilia. (O.D. N 207/14.) Desempeño de Gastón Alto en lo,4.) Día Mundial de la Hemofilia. (O.D. Nº 207/14.) Desempeño de Gastón Alto en lo
2014-07-02_r10_ORDINARIA.pdf,32,fixed,lto en los X Juegos ODESUR 2014. (O.D. N 208/14.) Desempeño de los deportistas m,lto en los X Juegos ODESUR 2014. (O.D. Nº 208/14.) Desempeño de los deportistas m
2014-07-02_r10_ORDINARIA.pdf,32,fixed,nos en los X Juegos ODESUR 2014. (O.D. N 209/14.) II Edición de la Media Maratón,nos en los X Juegos ODESUR 2014. (O.D. Nº 209/14.) II Edición de la Media Maratón
2014-07-02_r10_ORDINARIA.pdf,32,fixed,"r los caminos del vino, Mendoza. (O.D. N 210/14.) IV Jornadas de Diabetes en Oto","r los caminos del vino, Mendoza. (O.D. Nº 210/14.) IV Jornadas de Diabetes en Oto"
2014-07-02_r10_ORDINARIA.pdf,32,fixed,nadas de Diabetes en Otoño 2014. (O.D. N 211/14.) III Edición de “Mujeres Corren,nadas de Diabetes en Otoño 2014. (O.D. Nº 211/14.) III Edición de “Mujeres Corren
2014-07-02_r10_ORDINARIA.pdf,32,fixed,"an Martín de los Andes, Neuquén. (O.D. N 212/14.) Planes de reparación y mejoram","an Martín de los Andes, Neuquén. (O.D. Nº 212/14.) Planes de reparación y mejoram"
2014-07-02_r10_ORDINARIA.pdf,32,fixed,amiento de la ruta nacional 127. (O.D. N 216/14.) Día Mundial de las Víctimas de,amiento de la ruta nacional 127. (O.D. Nº 216/14.) Día Mundial de las Víctimas de
2014-07-02_r10_ORDINARIA.pdf,32,fixed,timas de Accidentes de Tránsito. (O.D. N 217/14.) Medidas para promover y desarr,timas de Accidentes de Tránsito. (O.D. Nº 217/14.) Medidas para promover y desarr
2014-07-02_r10_ORDINARIA.pdf,32,fixed,ámbito nacional e internacional. (O.D. N 218/14.) Labor de la Asociación de Club,ámbito nacional e internacional. (O.D. Nº 218/14.) Labor de la Asociación de Club
2014-07-02_r10_ORDINARIA.pdf,32,fixed,ervicio en escuelas de frontera. (O.D. N 219/14.) Medidas para controlar el func,ervicio en escuelas de frontera. (O.D. Nº 219/14.) Medidas para controlar el func
2014-07-02_r10_ORDINARIA.pdf,33,fixed,de los pasos a nivel en Mendoza. (O.D. N 220/14.) Medidas para la recuperación y,de los pasos a nivel en Mendoza. (O.D. Nº 220/14.) Medidas para la recuperación y
2014-07-02_r10_ORDINARIA.pdf,33,fixed,pasajeros del Tren Mesopotámico. (O.D. N 221/14.) Convenio celebrado entre la pr,pasajeros del Tren Mesopotámico. (O.D. Nº 221/14.) Convenio celebrado entre la pr
2014-07-02_r10_ORDINARIA.pdf,33,fixed,a empresa Aerolíneas Argentinas. (O.D. N 222/14.) Aniversario de la creación de ,a empresa Aerolíneas Argentinas. (O.D. Nº 222/14.) Aniversario de la creación de 
2014-07-02_r10_ORDINARIA.pdf,33,fixed,ación de la Universidad de Cuyo. (O.D. N 223/14.) Aniversario del desembarco de ,ación de la Universidad de Cuyo. (O.D. Nº 223/14.) Aniversario del desembarco de 
2014-07-02_r10_ORDINARIA.pdf,33,fixed,eses en la provincia del Chubut. (O.D. N 224/14.) Aniversario del natalicio de L,eses en la provincia del Chubut. (O.D. Nº 224/14.) Aniversario del natalicio de L
2014-07-02_r10_ORDINARIA.pdf,33,fixed,el natalicio de Leandro N. Alem. (O.D. N 225/14.) Aniversario de la creación del,el natalicio de Leandro N. Alem. (O.D. Nº 225/14.) Aniversario de la creación del
2014-07-02_r10_ORDINARIA.pdf,33,fixed,aballo “Don José de San Martín”. (O.D. N 226/14.) Aniversario del natalicio de R,aballo “Don José de San Martín”. (O.D. Nº 226/14.) Aniversario del natalicio de R
2014-07-02_r10_ORDINARIA.pdf,33,fixed,l natalicio de Roque Sáenz Peña. (O.D. N 227/14.) Conmemoración de la sanción de,l natalicio de Roque Sáenz Peña. (O.D. Nº 227/14.) Conmemoración de la sanción de
2014-07-02_r10_ORDINARIA.pdf,33,fixed,e la Ley Nacional de Elecciones. (O.D. N 228/14.) Festejos religiosos en homenaj,e la Ley Nacional de Elecciones. (O.D. Nº 228/14.) Festejos religiosos en homenaj
2014-07-02_r10_ORDINARIA.pdf,33,fixed," Monserrat, Santiago del Estero. (O.D. N 229/14.) Conmemoración del nacimiento d"," Monserrat, Santiago del Estero. (O.D. Nº 229/14.) Conmemoración del nacimiento d"
2014-07-02_r10_ORDINARIA.pdf,33,fixed,doctor José Benjamín Gorostiaga. (O.D. N 230/14.) Aniversario del nacimiento Pol,doctor José Benjamín Gorostiaga. (O.D. Nº 230/14.) Aniversario del nacimiento Pol
2014-07-02_r10_ORDINARIA.pdf,33,fixed, del nacimiento Polo Godoy Rojo. (O.D. N 231/14.) Aniversario del nacimiento de , del nacimiento Polo Godoy Rojo. (O.D. Nº 231/14.) Aniversario del nacimiento de 
2014-07-02_r10_ORDINARIA.pdf,33,fixed,el nacimiento de Lidia Lamaison. (O.D. N 232/14.) Declaración de interés la pelí,el nacimiento de Lidia Lamaison. (O.D. Nº 232/14.) Declaración de interés la pelí
2014-07-02_r10_ORDINARIA.pdf,33,fixed,. (O.D. N 233/14.) Aniversario de la fundación de,. (O.D. Nº 233/14.) Aniversario de la fundación de
2014-07-02_r10_ORDINARIA.pdf,33,fixed,"ciudad de Gualeguay, Entre Ríos. (O.D. N 234/14.) Apertura del primer posgrado e","ciudad de Gualeguay, Entre Ríos. (O.D. Nº 234/14.) Apertura del primer posgrado e"
2014-07-02_r10_ORDINARIA.pdf,33,fixed,versidad Nacional de La Matanza. (O.D. N 235/14.) Exposición de artesanías “Expo,versidad Nacional de La Matanza. (O.D. Nº 235/14.) Exposición de artesanías “Expo
2014-07-02_r10_ORDINARIA.pdf,33,fixed,rtida e Islas del Atlántico Sur. (O.D. N 236/14.) Aniversario de la declaración ,rtida e Islas del Atlántico Sur. (O.D. Nº 236/14.) Aniversario de la declaración 
2014-07-02_r10_ORDINARIA.pdf,33,fixed,mo patrona nacional del turismo. (O.D. N 237/14.) Aniversario de la gesta galesa,mo patrona nacional del turismo. (O.D. Nº 237/14.) Aniversario de la gesta galesa
2014-07-02_r10_ORDINARIA.pdf,33,fixed,lesa en la provincia del Chubut. (O.D. N 239/14.) Premio Goya otorgado a la pelí,lesa en la provincia del Chubut. (O.D. Nº 239/14.) Premio Goya otorgado a la pelí
2014-07-02_r10_ORDINARIA.pdf,33,fixed,. (O.D. N 240/14.) Jornadas Iberoamericanas de Hi,. (O.D. Nº 240/14.) Jornadas Iberoamericanas de Hi
2014-07-02_r10_ORDINARIA.pdf,33,fixed,"s Zoonosis, en Colonia, Uruguay. (O.D. N 243/14.) Designación de Cristina Leiva ","s Zoonosis, en Colonia, Uruguay. (O.D. Nº 243/14.) Designación de Cristina Leiva "
2014-07-02_r10_ORDINARIA.pdf,33,fixed,"ternacional en Arusha, Tanzania. (O.D. N 245/14.) Día del Investigador Científic","ternacional en Arusha, Tanzania. (O.D. Nº 245/14.) Día del Investigador Científic"
2014-07-02_r10_ORDINARIA.pdf,33,fixed,Día del Investigador Científico. (O.D. N 246/14.) XLIII Congreso Argentino de Ge,Día del Investigador Científico. (O.D. Nº 246/14.) XLIII Congreso Argentino de Ge
2014-07-02_r10_ORDINARIA.pdf,33,fixed," Carlos de Bariloche, Río Negro. (O.D. N 247/14.) XXI Congreso sobre Métodos Num"," Carlos de Bariloche, Río Negro. (O.D. Nº 247/14.) XXI Congreso sobre Métodos Num"
2014-07-02_r10_ORDINARIA.pdf,33,fixed," Carlos de Bariloche, Río Negro. (O.D. N 248/14.) Trabajo realizado por científi"," Carlos de Bariloche, Río Negro. (O.D. Nº 248/14.) Trabajo realizado por científi"
2014-07-02_r10_ORDINARIA.pdf,33,fixed,logía Molecular y Neurociencias. (O.D. N 249/14.) Polo Científico y Tecnológico ,logía Molecular y Neurociencias. (O.D. Nº 249/14.) Polo Científico y Tecnológico 
2014-07-02_r10_ORDINARIA.pdf,33,fixed,ico de la Provincia de La Rioja. (O.D. N 250/14.) Declaración de interés de la i,ico de la Provincia de La Rioja. (O.D. Nº 250/14.) Declaración de interés de la i
2014-07-02_r10_ORDINARIA.pdf,33,fixed,ovación Productiva de la Nación. (O.D. N 251/14.) ,ovación Productiva de la Nación. (O.D. Nº 251/14.) 
2014-07-02_r10_ORDINARIA.pdf,34,fixed,"competencia; al contrario, el artículo 9 del mismo proyecto de ley establece cuá","competencia; al contrario, el artículo 9º del mismo proyecto de ley establece cuá"
2014-07-02_r10_ORDINARIA.pdf,36,fixed,"e la ley 19.549. Entonces, el artículo 1 de la ley declara el ámbito y la compet","e la ley 19.549. Entonces, el artículo 1º de la ley declara el ámbito y la compet"
2014-07-02_r10_ORDINARIA.pdf,36,fixed,"misma. Esta primera parte del artículo 1, como lo dijo el asesor del Ministerio ","misma. Esta primera parte del artículo 1º, como lo dijo el asesor del Ministerio "
2014-07-02_r10_ORDINARIA.pdf,37,fixed,dad. Otro tema que está en el artículo 1 es la última parte que dice así: “La sa,dad. Otro tema que está en el artículo 1º es la última parte que dice así: “La sa
2014-07-02_r10_ORDINARIA.pdf,37,fixed, no sobre la ley de fondo. El artículo 2 del proyecto de ley dice en qué casos s, no sobre la ley de fondo. El artículo 2º del proyecto de ley dice en qué casos s
2014-07-02_r10_ORDINARIA.pdf,38,fixed,l no se deba responder. En el artículo 3 se establecen cuáles son los requisitos,l no se deba responder. En el artículo 3º se establecen cuáles son los requisitos
2014-07-02_r10_ORDINARIA.pdf,38,fixed, inactividad ilegítima. En el artículo 4 se establecen los requisitos de la acti, inactividad ilegítima. En el artículo 4º se establecen los requisitos de la acti
2014-07-02_r10_ORDINARIA.pdf,38,fixed,"o que vamos a ver ahora en el artículo 4 como nota ""caracterizante"" de la activi","o que vamos a ver ahora en el artículo 4º como nota ""caracterizante"" de la activi"
2014-07-02_r10_ORDINARIA.pdf,38,fixed, el ámbito de la comisión. El artículo 4 establece los requisitos por responsabi, el ámbito de la comisión. El artículo 4º establece los requisitos por responsabi
2014-07-02_r10_ORDINARIA.pdf,38,fixed, el Estado la va a asumir. El artículo 5 viene a reforzar esto que acabamos de d, el Estado la va a asumir. El artículo 5º viene a reforzar esto que acabamos de d
2014-07-02_r10_ORDINARIA.pdf,39,fixed,o va a responder por ello. El artículo 6 habla de la responsabilidad del Estado ,o va a responder por ello. El artículo 6º habla de la responsabilidad del Estado 
2014-07-02_r10_ORDINARIA.pdf,39,fixed,sprudencia de la Corte y este artículo 6 lo que viene a hacer es adecuarla a una,sprudencia de la Corte y este artículo 6º lo que viene a hacer es adecuarla a una
2014-07-02_r10_ORDINARIA.pdf,39,fixed,"ionarias o licenciatarios. El artículo 7 establece el plazo de prescripción, mod","ionarias o licenciatarios. El artículo 7º establece el plazo de prescripción, mod"
2014-07-02_r10_ORDINARIA.pdf,39,fixed,"os prescribe a los 2 años. El artículo 8, tomando una jurisprudencia, da la opci","os prescribe a los 2 años. El artículo 8º, tomando una jurisprudencia, da la opci"
2014-07-02_r10_ORDINARIA.pdf,39,fixed,de un funcionario público. El artículo 9 establece esa responsabilidad. Dice res,de un funcionario público. El artículo 9º establece esa responsabilidad. Dice res
2014-07-02_r10_ORDINARIA.pdf,44,fixed,también conceptual y nace del artículo 1 del proyecto. Lo dijimos en la comisión,también conceptual y nace del artículo 1º del proyecto. Lo dijimos en la comisión
2014-07-02_r10_ORDINARIA.pdf,45,fixed,", desde el arranque, desde el artículo 1, decimos que este no es un tema ni fede",", desde el arranque, desde el artículo 1º, decimos que este no es un tema ni fede"
2014-07-02_r10_ORDINARIA.pdf,47,fixed,"uscar por vía subsidiaria, el artículo 1 de esta ley establece que no es aplicab","uscar por vía subsidiaria, el artículo 1º de esta ley establece que no es aplicab"
2014-07-02_r10_ORDINARIA.pdf,49,fixed,"stá prevista en la ley, en el artículo 9, y se la mezcla con una disposición del","stá prevista en la ley, en el artículo 9º, y se la mezcla con una disposición del"
2014-07-02_r10_ORDINARIA.pdf,49,fixed,ezcla con una disposición del artículo 1. Recién se hizo referencia a la respons,ezcla con una disposición del artículo 1º. Recién se hizo referencia a la respons
2014-07-02_r10_ORDINARIA.pdf,49,fixed,"de las astreintes, está en el artículo 1 de la norma. Entonces, la responsabilid","de las astreintes, está en el artículo 1º de la norma. Entonces, la responsabilid"
2014-07-02_r10_ORDINARIA.pdf,49,fixed,"n sí misma está tratada en el artículo 9, no en el artículo 1","n sí misma está tratada en el artículo 9º, no en el artículo 1"
2014-07-02_r10_ORDINARIA.pdf,49,fixed,", no en el artículo 1, que trata de la sanción pecuniaria dis",", no en el artículo 1º, que trata de la sanción pecuniaria dis"
2014-07-02_r10_ORDINARIA.pdf,49,fixed,"o. Nosotros decimos que en el artículo 1, que no habla de la responsabilidad de ","o. Nosotros decimos que en el artículo 1º, que no habla de la responsabilidad de "
2014-07-02_r10_ORDINARIA.pdf,50,fixed,al punto de la aclaración. El artículo 5 de la Constitución dice que cada provin,al punto de la aclaración. El artículo 5º de la Constitución dice que cada provin
2014-07-02_r10_ORDINARIA.pdf,50,fixed,dictará su Constitución. Y el artículo 7 dice que los actos públicos y procedimi,dictará su Constitución. Y el artículo 7º dice que los actos públicos y procedimi
2014-07-02_r10_ORDINARIA.pdf,52,fixed, este proyecto señala en los artículos 1 y 3, este proyecto señala en los artículos 1º y 3
2014-07-02_r10_ORDINARIA.pdf,52,fixed, y 3. , y 3º. 
2014-07-02_r10_ORDINARIA.pdf,54,fixed,aso pretende reglamentar los artículos 2 y 3,aso pretende reglamentar los artículos 2º y 3
2014-07-02_r10_ORDINARIA.pdf,54,fixed, y 3 del Pacto Internacional de Derechos Civ, y 3º del Pacto Internacional de Derechos Civ
2014-07-02_r10_ORDINARIA.pdf,54,fixed,nteriormente. Establece en su artículo 2 la responsabilidad del Estado por su ac,nteriormente. Establece en su artículo 2º la responsabilidad del Estado por su ac
2014-07-02_r10_ORDINARIA.pdf,56,fixed,izar algunos artículos. En el artículo 1 el cuarto párrafo hace referencia a la ,izar algunos artículos. En el artículo 1º el cuarto párrafo hace referencia a la 
2014-07-02_r10_ORDINARIA.pdf,56,fixed,"digo Civil; y, segundo, en el artículo 1 del proyecto que estamos tratando, dice","digo Civil; y, segundo, en el artículo 1º del proyecto que estamos tratando, dice"
2014-07-02_r10_ORDINARIA.pdf,56,fixed,públicos. En el inciso a) del artículo 2 se exceptúan los casos fortuitos o de f,públicos. En el inciso a) del artículo 2º se exceptúan los casos fortuitos o de f
2014-07-02_r10_ORDINARIA.pdf,56,fixed,da una de las partes. En los artículos 3 y 4,da una de las partes. En los artículos 3º y 4
2014-07-02_r10_ORDINARIA.pdf,56,fixed, y 4 se establecen los requisitos de la resp, y 4º se establecen los requisitos de la resp
2014-07-02_r10_ORDINARIA.pdf,56,fixed,ncia existente en el país. El artículo 5 establece que en ningún caso existe la ,ncia existente en el país. El artículo 5º establece que en ningún caso existe la 
2014-07-02_r10_ORDINARIA.pdf,56,fixed, más graves que tenemos es el artículo 6 según el cual el Estado no solo no resp, más graves que tenemos es el artículo 6º según el cual el Estado no solo no resp
2014-07-02_r10_ORDINARIA.pdf,57,fixed," Civiles y Políticos, en cuyo artículo 2, inciso 3 "," Civiles y Políticos, en cuyo artículo 2º, inciso 3 "
2014-07-02_r10_ORDINARIA.pdf,63,fixed,"ese, señor presidente, que el artículo 6, que dice que el Estado no debe respond","ese, señor presidente, que el artículo 6º, que dice que el Estado no debe respond"
2014-07-02_r10_ORDINARIA.pdf,66,fixed,egóricamente se expresa en el artículo 6 del proyecto que el Estado no responde ,egóricamente se expresa en el artículo 6º del proyecto que el Estado no responde 
2014-07-02_r10_ORDINARIA.pdf,69,fixed,"villa, quien, con relación al artículo 6, se preguntaba qué significa la expresi","villa, quien, con relación al artículo 6º, se preguntaba qué significa la expresi"
2014-07-02_r10_ORDINARIA.pdf,76,fixed,no sé cómo pueden explicar el artículo 6. La cuestión fue perfectamente desnudad,no sé cómo pueden explicar el artículo 6º. La cuestión fue perfectamente desnudad
2014-07-02_r10_ORDINARIA.pdf,79,fixed,n derecho a indemnización. El artículo 6 dice que el Estado “no” debe responder;,n derecho a indemnización. El artículo 6º dice que el Estado “no” debe responder;
2014-07-02_r10_ORDINARIA.pdf,80,fixed,". Luego, está el análisis del artículo 6, que ya bien han hecho los senadores, e",". Luego, está el análisis del artículo 6º, que ya bien han hecho los senadores, e"
2014-07-02_r10_ORDINARIA.pdf,82,fixed, derecho común. Veamos: en su artículo 1 la ley plantea un alcance genérico de l, derecho común. Veamos: en su artículo 1º la ley plantea un alcance genérico de l
2014-07-02_r10_ORDINARIA.pdf,83,fixed,"ones, a las que se refiere el artículo 1, se prevén con carácter general en el n","ones, a las que se refiere el artículo 1º, se prevén con carácter general en el n"
2014-07-02_r10_ORDINARIA.pdf,83,fixed,umidor. El último párrafo del artículo 1 del proyecto analizado no se está refir,umidor. El último párrafo del artículo 1º del proyecto analizado no se está refir
2014-07-02_r10_ORDINARIA.pdf,83,fixed,"dad del Estado, debemos ir al artículo 2. Vamos a ir punto a punto. En realidad,","dad del Estado, debemos ir al artículo 2º. Vamos a ir punto a punto. En realidad,"
2014-07-02_r10_ORDINARIA.pdf,85,fixed, que el daño sea actual en el artículo 3 debía justificar la misma eliminación e, que el daño sea actual en el artículo 3º debía justificar la misma eliminación e
2014-07-02_r10_ORDINARIA.pdf,85,fixed," la misma eliminación en este artículo 4. En eso, yo discrepo con la solución qu"," la misma eliminación en este artículo 4º. En eso, yo discrepo con la solución qu"
2014-07-02_r10_ORDINARIA.pdf,85,fixed,va y eliminar el “actual” del artículo 3 y el “actual” del artículo 4,va y eliminar el “actual” del artículo 3º y el “actual” del artículo 4
2014-07-02_r10_ORDINARIA.pdf,85,fixed, y el “actual” del artículo 4. El artículo 5, y el “actual” del artículo 4º. El artículo 5
2014-07-02_r10_ORDINARIA.pdf,85,fixed,. El artículo 5 dispone que la responsabilidad del Esta,. El artículo 5º dispone que la responsabilidad del Esta
2014-07-02_r10_ORDINARIA.pdf,85,fixed,"e responsabilidad del Estado, artículo 6. Este artículo define una cuestión que ","e responsabilidad del Estado, artículo 6º. Este artículo define una cuestión que "
2014-07-02_r10_ORDINARIA.pdf,86,fixed,do. Plazo de prescripción. El artículo 7 establece que el plazo para demandar al,do. Plazo de prescripción. El artículo 7º establece que el plazo para demandar al
2014-07-02_r10_ORDINARIA.pdf,86,fixed,"digo Civil y Comercial. En el artículo 8, está diciendo que el interesado –y acá","digo Civil y Comercial. En el artículo 8º, está diciendo que el interesado –y acá"
2014-07-02_r10_ORDINARIA.pdf,86,fixed,los funcionarios públicos. El artículo 9 dispone que los funcionarios y agentes ,los funcionarios públicos. El artículo 9º dispone que los funcionarios y agentes 
2014-07-02_r10_ORDINARIA.pdf,95,fixed,"vinculada fundamentalmente al artículo 3. Como manifestó el senador Martínez, es","vinculada fundamentalmente al artículo 3º. Como manifestó el senador Martínez, es"
2014-07-02_r10_ORDINARIA.pdf,95,fixed,teemos nuestra disidencia. El artículo 3 dice que: “El presente régimen está dir,teemos nuestra disidencia. El artículo 3º dice que: “El presente régimen está dir
2014-07-02_r10_ORDINARIA.pdf,95,fixed,"rabajadores mencionados en el artículo 1 que, por su situación patrimonial o soc","rabajadores mencionados en el artículo 1º que, por su situación patrimonial o soc"
2014-07-02_r10_ORDINARIA.pdf,96,fixed,"amente en general y, salvo el artículo 3, en donde tenemos una disidencia parcia","amente en general y, salvo el artículo 3º, en donde tenemos una disidencia parcia"
2017-08-23_r10_ORDINARIA.pdf,51,fixed,royecto que figura en el Orden del Día N 415/17. ,royecto que figura en el Orden del Día Nº 415/17. 
2017-11-29_r18_ORDINARIA.pdf,186,fixed,"a Provincial de Enseñanza Técnica EPET N21 y del CPEM Nº 57, de la provincia del","a Provincial de Enseñanza Técnica EPET Nº21 y del CPEM Nº 57, de la provincia del"
2017-11-29_r18_ORDINARIA.pdf,30,fixed,"a Provincial de Enseñanza Técnica EPET N21 y del CPEM Nº 57, de la provincia del","a Provincial de Enseñanza Técnica EPET Nº21 y del CPEM Nº 57, de la provincia del"
2018-11-14_r17_ESPECIAL.pdf,54,open (size differs),"a Presidencia la señora vicepresidenta 2 del Honorable Senado, senadora María In","a Presidencia la señora vicepresidenta 2ª del Honorable Senado, senadora María In"
28-09-2023_ESPECIAL.pdf,211,fixed,ivil y Comercial de la Nación Artículo 1-Sustitúyase el artículo 1198 del Código,ivil y Comercial de la Nación Artículo 1º.-Sustitúyase el artículo 1198 del Código
28-09-2023_ESPECIAL.pdf,211,open (size differs),2 . ,2 º. 
