session,source_file,find_it_by,page,turn_opens_on_page,which_occurrence,parser_says_speaker,opening_words,printed_just_before,correct? (y/n),if_wrong_who_spoke,my_reading,agree,human_checked_at
1998-07-15_r29,1998-07-15_r29_ORDINARIA.html,searching the text,,,,Sr. AGÚNDEZ,Señor presidente: voy a insistir en la postergación del tratamiento en general de este proyecto de ley. Ese fue el compromiso asumido ayer por el presidente de nuestro bloque con,"de la Unión Cívica Radical, el señor vicepresidente de la Comisión de Transportes, senador Agúndez.",y,,Sr. AGÚNDEZ,True,2026-09-24T15:15:57.360Z
1999-09-01_r44,1999-09-01_r44_ORDINARIA.html,searching the text,,,,Sr. PRESIDENTE (Menem),Es lo que yo proponía.,"la economía ni la interpretación del proyecto de ley, el cual sigue siendo perfectamente coherente.",y,,Sr. PRESIDENTE (Menem),True,2026-09-24T15:16:05.340Z
2000-06-07_r22,2000-06-07_r22_ORDINARIA.html,searching the text,,,29 of 44,Sr. Presidente,Queda aprobada la comunicación. Se procederá en consecuencia.,-- En particular es igualmente afirmativa.,y,,Sr. Presidente,True,2026-09-24T15:16:10.796Z
2001-09-04_r60,2001-09-04_r60_ORDINARIA.html,searching the text,,,,Sr. Presidente (Losada),"Si no se hace uso de la palabra, se va a votar el inciso g) tal como estaba redactado.",-- La votación resulta negativa.,y,,Sr. Presidente (Losada),True,2026-09-24T15:16:30.495Z
2002-05-08_r08,2002-05-08_r08_ORDINARIA.html,searching the text,,,35 of 74,Sr. Presidente (Maqueda),"En consideración en general. Si no se hace uso de la palabra, se va a votar.",Orden del Día Nº 101,y,,Sr. Presidente (Maqueda),True,2026-09-24T15:16:33.170Z
2003-06-11_r11,2003-06-11_r11_ORDINARIA.html,searching the text,,,,Sr. Presidente (López Arias),"La Presidencia anunció que iba a someter a votación los pedidos de abstención efectuados. Pero primero queremos saber, exactamente, quiénes desean abstenerse y quiénes no. Si no me equivoco, permanecen",sabrá si existe el quórum respectivo. Pero primero hay que someter a votación las abstenciones...,y,,Sr. Presidente (López Arias),True,2026-09-24T15:17:55.928Z
2004-07-07_r16,2004-07-07_r16_ORDINARIA.pdf,page 146,146.0,146.0,,Sr. Morales,"Señor presidente: continuando con las expresiones vertidas por el señor miembro informante de nuestro bloque, el senador Sanz, por Mendoza, ratificamos nuestro rechazo a este proyecto de ley, al que",Tiene la palabra el señor senador Morales.,y,,Sr. Morales,True,2026-09-24T15:18:05.469Z
2005-05-04_r11,2005-05-04_r11_ORDINARIA.pdf,page 70,70.0,70.0,40 of 71,Sr. Presidente,Queda aprobada la comunicación. Se procederá en consecuencia.,— En particular es igualmente afirmativa.,y,,Sr. Presidente,True,2026-09-24T15:18:11.638Z
2006-04-26_r07,2006-04-26_r07_ORDINARIA.pdf,page 7,7.0,7.0,,Sr. Secretario (Estrada),El pedido obedece a que la doctora Azar fue designada en otro cargo.,Corresponde que el cuerpo se expida sobre este pedido.,y,,Sr. Secretario (Estrada),True,2026-09-24T15:18:17.532Z
2007-05-23_r07,2007-05-23_r07_ORDINARIA.pdf,page 21,21.0,21.0,3 of 3,Sr. Presidente,Tiene la palabra el señor senador Pichetto.,Pido la palabra.,y,,Sr. Presidente,True,2026-09-24T15:18:23.041Z
2008-12-17_r23,2008-12-17_r23_ORDINARIA.pdf,page 106,106.0,106.0,,Sr. Presidente (Pampuro),Corresponde considerar el tratamiento sobre tablas del proyecto de ley en revisión por el que se derogan los beneficios previsionales contributivos y no contributivos para funcionarios del denominado Proceso de,Queda sancionado el proyecto de ley. Se comunicará a la Honorable Cámara de Diputados.,y,,Sr. Presidente (Pampuro),True,2026-09-24T15:18:57.210Z
2009-11-11_r16,2009-11-11_r16_ORDINARIA.pdf,page 12,12.0,12.0,,Sra. Escudero,"Señor presidente: no creo que sea de buena práctica legislativa tratar proyectos de ley sobre tablas porque, como en este caso, exigen una mayor maduración. Les recuerdo que este debate",Tiene la palabra la señora senadora Escudero.,y,,Sra. Escudero,True,2026-09-24T15:19:00.764Z
2010-10-13_r19,2010-10-13_r19_ORDINARIA.pdf,page 6,6.0,6.0,3 of 3,Sr. Presidente,"En consideración el tratamiento sobre tablas. Si no se hace uso de la palabra, se va a votar.","la historia, reclamando la libertad de su líder natural, el entonces Coronel Juan Domingo Perón.”",y,,Sr. Presidente,True,2026-09-24T15:19:03.576Z
2011-06-29_r08,2011-06-29_r08_ORDINARIA.pdf,page 27,27.0,27.0,2 of 3,Sr. Presidente (Romero),Tiene la palabra el señor senador por Jujuy.,"que hicimos por tierra, nos pusimos a trabajar para hacer esta presentación que estamos impulsando.",y,,Sr. Presidente (Romero),True,2026-09-24T15:19:06.432Z
2012-10-17_r17,2012-10-17_r17_ORDINARIA.pdf,page 113,113.0,113.0,,Sr. Fernández,"Señor presidente: las modificaciones de cada uno de los artículos que se han observado fueron incorporadas conforme las fue planteando la senadora, incluyendo los artículos 1º y 15, cuya modificación",proyecto de ley en general. En consideración en particular. Tiene la palabra el senador Fernández.,y,,Sr. Fernández,True,2026-09-24T15:19:13.461Z
2013-07-03_r12,2013-07-03_r12_ORDINARIA.pdf,page 13,13.0,13.0,1 of 14,Sra. Estenssoro,Pido la palabra.,"cada uno de los habitantes de América Latina, a sus pueblos y a sus gobiernos.",y,,Sra. Estenssoro,True,2026-09-24T15:19:16.719Z
2014-05-07_r07,2014-05-07_r07_INFORMATIVA_ESPECIAL.pdf,page 99,99.0,99.0,,Sr. Presidente (Zamora),Se lo está controlando...,el mío o el de cualquier otro senador para que se pueda controlar el tiempo...,y,,Sr. Presidente (Zamora),True,2026-09-24T15:19:21.345Z
2015-07-29_r06,2015-07-29_r06_ORDINARIA.pdf,page 23,23.0,23.0,,Sr. Abal Medina,"Tal como yo los escuché a ustedes, les pido que me escuchen a mí. Muy brevemente: cuando se produjo la situación del Hospital Francés, que incluso –como bien planteaba la","Silencio, por favor.",y,,Sr. Abal Medina,True,2026-09-24T15:19:26.297Z
2016-11-23_r19,2016-11-23_r19_ORDINARIA.pdf,page 35,35.0,35.0,,Sra. Presidente,"Odarda. No la vi, perdón. Tiene la palabra el senador Caserio.","¿A mí no me anotó, señora presidente?",y,,Sra. Presidente,True,2026-09-24T15:19:29.299Z
2017-05-31_r07,2017-05-31_r07_ORDINARIA.pdf,page 61,61.0,61.0,,Sr. Presidente (Pinedo),Corresponde autorizar las inserciones.,"la integralidad de la gratuidad, habla justamente de la ampliación de derechos en esta época.",y,,Sr. Presidente (Pinedo),True,2026-09-24T15:19:33.780Z
2018-04-18_r03,2018-04-18_r03_ORDINARIA.pdf,page 65,65.0,65.0,,Sra. Presidente,Tiene ahora la palabra la senadora Fernández de Kirchner.,Así que vamos a votar el proyecto con las modificaciones propuestas por el senador Pais.,y,,Sra. Presidente,True,2026-09-24T15:19:37.368Z
2019-07-17_r07,2019-07-17_r07_ORDINARIA.pdf,page 82,82.0,82.0,,Sr. Presidente (Pinedo),"Se incorpora un artículo 5°, que va a leer el señor secretario.",- El resultado de la votación surge del Acta N° 3.,y,,Sr. Presidente (Pinedo),True,2026-09-24T15:19:41.460Z
2020-10-02_r15,02-10-2020_ESPECIAL.pdf,page 74,74.0,74.0,2 of 2,Sr. Presidente (Closs),"Sí, lo escucho. Adelante.","No puedo iniciar el video presidente. ¿Me escucha, presidente?",y,,Sr. Presidente (Closs),True,2026-09-24T15:19:44.165Z
2021-06-24_r09,24-06-2021_ESPECIAL.pdf,page 57,57.0,57.0,,Sr. Secretario (Fuentes),Fernández Sagasti: afirmativo. Fiad: afirmativo. Abstención en el artículo 7°. Fiad: afirmativo y abstención en el artículo 7°. García Larraburu: afirmativo. Giacoppo: afirmativo y abstención en el 7°. Nora Giménez:,–Luego de unos instantes:,y,,Sr. Secretario (Fuentes),True,2026-09-24T15:19:47.756Z
2022-03-17_r02,17-03-2022_ESPECIAL.pdf,page 36,36.0,36.0,,Sra. Presidenta (Ledesma Abdala),"Silencio, por favor. Disculpe, senador…",–Murmullos en el recinto.,y,,Sra. Presidenta (Ledesma Abdala),True,2026-09-24T15:19:51.192Z
2023-12-07_r07,07-12-2023_ESPECIAL.pdf,page 12,12.0,12.0,,Sra. Senadora electa Silva,"¡Sí, Juro!","Nación Argentina, y obrar en todo de conformidad con lo que prescribe la Constitución Nacional?",y,,Sra. Senadora electa Silva,True,2026-09-24T15:19:56.489Z
2024-09-26_r10,26-09-2024_ORDINARIA.pdf,page 34,34.0,34.0,,Sr. Presidente (Abdala),A continuación pasamos a tratar el proyecto de ley relativo a instituir el Día Nacional por la Memoria de los 44 Héroes del submarino ARA “San Juan”. Corresponde la consideración,(O.D. Nº 145/24.),y,,Sr. Presidente (Abdala),True,2026-09-24T15:20:00.757Z
2025-07-10_r06,2025-07-10_r06_ORDINARIA.pdf,page 48,48.0,48.0,6 of 182,Sra. Corpacci,Afirmativo.,Afirmativo. Lucía Corpacci.,y,,Sra. Corpacci,True,2026-09-24T15:20:07.149Z
2026-02-11_r13,2026-02-11_r13_ESPECIAL_EXTRAORDINARIA.pdf,page 184,184.0,184.0,,Sr. Recalde,"Continúo, pero insisto en que no resuelve este problema. Va a haber presentaciones judiciales de uno y de otro lado preguntando si se aplica o no a los contratos vigentes.","Gracias, senadora Bullrich. Continúa con la palabra el senador Recalde.",y,,Sr. Recalde,True,2026-09-24T15:20:10.051Z
